190,2,74405,80691,3.264,3.500,11.424
230,2,81711,97896,3.264,3.500,11.424
270,2,81625,97849,3.252,5.000,16.260
310,2,81762,98110,3.252,5.000,16.260
350,2,81772,98214,3.252,5.000,16.260
390,2,81767,98089,3.248,4.700,15.266
430,2,81886,98171,3.248,4.700,15.266
470,2,81820,98073,3.248,4.900,15.915
510,2,81882,98171,3.248,4.900,15.915
550,2,81897,98181,3.248,4.900,15.915
590,2,81841,98175,3.252,4.800,15.610
630,2,81930,98261,3.252,4.800,15.610
670,2,81575,97326,3.252,4.600,14.959
711,2,81386,96794,3.252,4.600,14.959
751,2,81424,96830,3.252,4.600,14.959
791,2,81488,97061,3.252,4.900,15.935
831,2,81679,97523,3.252,4.900,15.935
871,2,81653,97630,3.252,5.000,16.260
911,2,81639,97596,3.252,5.000,16.260
950,2,81642,97476,3.252,5.000,16.260
990,2,81595,97357,3.252,5.300,17.236
1031,2,81631,97514,3.252,5.300,17.236
1070,2,81754,97775,3.252,4.900,15.935
1111,2,81726,97824,3.252,4.900,15.935
1151,2,81835,98029,3.252,4.900,15.935
1164,2,81703,97518,3.252,4.900,15.935
1191,2,81870,98114,3.252,4.900,15.935
1231,2,81795,98078,3.252,4.900,15.935
1271,2,81911,98217,3.252,4.900,15.935
2298,2,81867,98205,3.256,4.400,14.326
2299,2,81895,98278,3.256,4.400,14.326
2300,2,81851,98115,3.256,4.400,14.326
2300,2,81543,97242,3.256,4.400,14.326
2301,2,81450,96933,3.256,4.400,14.326
2304,2,81515,97175,3.256,4.400,14.326
2308,2,81657,97566,3.256,4.400,14.326
2311,2,81779,97947,3.256,4.400,14.326
2315,2,81859,98150,3.256,4.400,14.326
2318,2,81836,98110,3.256,4.400,14.326
2321,2,81816,98000,3.256,4.400,14.326
2325,2,81830,98070,3.256,4.400,14.326
2328,2,81916,98281,3.256,4.400,14.326
2331,2,81956,98426,3.256,4.400,14.326
2335,2,81989,98522,3.256,4.400,14.326
2338,2,82042,98620,3.256,4.400,14.326
2342,2,82064,98656,3.256,4.400,14.326
2345,2,82074,98736,3.256,4.400,14.326
2348,2,82117,98783,3.256,4.400,14.326
2352,2,82125,98800,3.256,4.400,14.326
2355,2,82118,98830,3.256,4.400,14.326
2359,2,82047,98633,3.256,4.400,14.326
2362,2,81892,98135,3.256,4.400,14.326
2365,2,81951,98334,3.256,4.400,14.326
2369,2,82055,98594,3.256,4.400,14.326
2372,2,82095,98708,3.256,4.400,14.326
2375,2,82113,98773,3.256,4.400,14.326
2391,2,82137,98812,3.256,4.400,14.326
2431,2,82128,98756,3.252,5.000,16.260
2471,2,82037,98622,3.252,5.000,16.260
2511,2,82134,98781,3.252,5.100,16.585
2551,2,82058,98688,3.252,5.100,16.585
2591,2,82118,98795,3.252,5.100,16.585
2631,2,82094,98784,3.252,4.600,14.959
2671,2,82140,98829,3.252,4.600,14.959
2711,2,82113,98752,3.252,4.700,15.284
2751,2,82086,98773,3.252,4.700,15.284
2791,2,82049,98730,3.252,4.700,15.284
2831,2,82081,98777,3.252,4.600,14.959
2871,2,82071,98710,3.252,4.600,14.959
2911,2,81821,98001,3.252,5.100,16.585
2951,2,81635,97419,3.252,5.100,16.585
2991,2,81748,97753,3.252,5.100,16.585
3003,2,81830,98070,3.248,4.700,15.266
3031,2,81891,98140,3.248,4.700,15.266
3072,2,81917,98314,3.248,4.700,15.266
3111,2,82003,98486,3.252,5.000,16.260
3152,2,81920,98385,3.252,5.000,16.260
3192,2,81939,98320,3.252,5.000,16.260
3232,2,81865,98252,3.252,4.500,14.634
3272,2,81993,98430,3.252,4.500,14.634
3312,2,81926,98425,3.252,4.800,15.610
3352,2,82023,98567,3.252,4.800,15.610
3391,2,81969,98562,3.252,4.800,15.610
3432,2,82003,98627,3.252,4.800,15.610
3471,2,82034,98656,3.252,4.800,15.610
3512,2,81983,98605,3.252,4.900,15.935
3551,2,82071,98725,3.252,4.900,15.935
3592,2,82014,98683,3.252,4.900,15.935
3632,2,82073,98696,3.252,5.000,16.260
3672,2,81838,98064,3.252,5.000,16.260
3712,2,81600,97295,3.252,4.800,15.610
3752,2,81646,97419,3.252,4.800,15.610
3762,2,82134,98781,3.252,4.800,15.610
3792,2,81746,97869,3.252,4.800,15.610
3832,2,81900,98221,3.252,4.700,15.284
3872,2,81898,98285,3.252,4.700,15.284
3912,2,81972,98443,3.252,5.000,16.260
3952,2,81877,98224,3.252,5.000,16.260
3992,2,81907,98273,3.252,5.000,16.260
4032,2,81916,98314,3.252,4.900,15.935
4072,2,81932,98407,3.252,4.900,15.935
4112,2,82020,98558,3.252,4.800,15.610
4152,2,81947,98508,3.252,4.800,15.610
4192,2,82037,98607,3.252,4.800,15.610
4232,2,81976,98566,3.252,5.000,16.260
4272,2,82022,98624,3.252,5.000,16.260
4312,2,82022,98613,3.252,5.000,16.260
4352,2,81970,98578,3.252,5.000,16.260
4392,2,82033,98679,3.252,5.000,16.260
4402,2,81920,98385,3.252,4.800,15.610
4432,2,81974,98590,3.252,4.800,15.610
4472,2,81810,98007,3.252,4.800,15.610
4512,2,81511,97168,3.252,4.800,15.610
4552,2,81487,97201,3.252,4.800,15.610
4592,2,81679,97642,3.252,4.800,15.610
4632,2,81749,97931,3.252,4.600,14.959
4672,2,81880,98232,3.252,4.600,14.959
4712,2,81832,98165,3.252,4.700,15.284
4752,2,81781,98059,3.252,4.700,15.284
4792,2,81777,98020,3.252,4.700,15.284
4832,2,81833,98122,3.252,4.800,15.610
4872,2,81860,98225,3.252,4.800,15.610
4912,2,81859,98352,3.252,5.100,16.585
4952,2,81964,98486,3.252,5.100,16.585
4992,2,81916,98452,3.252,5.100,16.585
5032,2,81987,98572,3.252,4.900,15.935
5072,2,81936,98528,3.252,4.900,15.935
5112,2,81943,98562,3.252,4.800,15.610
5152,2,82026,98676,3.252,4.800,15.610
5192,2,81958,98611,3.252,4.800,15.610
5232,2,81966,98598,3.252,4.500,14.634
5272,2,81929,98341,3.252,4.500,14.634
5312,2,81555,97365,3.252,4.700,15.284
5352,2,81565,97308,3.252,4.700,15.284
5392,2,81753,97789,3.252,4.700,15.284
5432,2,81869,98170,3.252,4.800,15.610
5472,2,81866,98314,3.252,4.800,15.610
5513,2,81978,98464,3.252,4.900,15.935
5552,2,81934,98383,3.252,4.900,15.935
5592,2,81873,98270,3.252,4.900,15.935
5632,2,81916,98350,3.252,4.900,15.935
5672,2,81939,98422,3.252,4.900,15.935
5712,2,81944,98470,3.256,4.800,15.629
5753,2,82016,98639,3.256,4.800,15.629
5793,2,82038,98644,3.256,4.800,15.629
5833,2,82006,98623,3.252,5.000,16.260
5862,2,81679,97642,3.252,5.000,16.260
5873,2,82061,98705,3.252,5.000,16.260
5912,2,82114,98780,3.252,4.700,15.284
5953,2,82017,98658,3.252,4.700,15.284
5993,2,82056,98767,3.252,4.700,15.284
6033,2,82089,98760,3.252,4.800,15.610
6073,2,81788,98025,3.252,4.800,15.610
6113,2,81645,97584,3.256,4.800,15.629
6153,2,81772,97870,3.256,4.800,15.629
6193,2,81832,98187,3.256,4.800,15.629
6233,2,81926,98462,3.252,4.600,14.959
6273,2,82070,98683,3.252,4.600,14.959
6313,2,81949,98526,3.252,4.800,15.610
6353,2,81906,98438,3.252,4.800,15.610
6393,2,81932,98402,3.252,4.800,15.610
6433,2,81915,98379,3.252,5.100,16.585
6473,2,81878,98390,3.252,5.100,16.585
6513,2,81981,98578,3.252,4.800,15.610
6553,2,82022,98684,3.252,4.800,15.610
6582,2,81555,97365,3.252,4.800,15.610
6593,2,81997,98668,3.252,4.800,15.610
6633,2,82059,98743,3.252,4.800,15.610
6673,2,82076,98777,3.252,4.800,15.610
6713,2,81991,98689,3.252,4.600,14.959
6753,2,81908,98495,3.252,4.600,14.959
6793,2,81753,97842,3.252,4.600,14.959
6833,2,81705,97643,3.252,4.900,15.935
6873,2,81734,97885,3.252,4.900,15.935
6913,2,81927,98392,3.252,4.800,15.610
7918,2,81978,98599,3.256,4.600,14.978
7919,2,82040,98676,3.256,4.600,14.978
7919,2,82027,98653,3.256,4.600,14.978
7920,2,81966,98524,3.256,4.600,14.978
7921,2,81948,98479,3.256,4.600,14.978
7924,2,81958,98541,3.256,4.600,14.978
7928,2,82007,98649,3.256,4.600,14.978
7931,2,82019,98713,3.256,4.600,14.978
7934,2,82038,98772,3.256,4.600,14.978
7938,2,82049,98780,3.256,4.600,14.978
7941,2,82046,98806,3.256,4.600,14.978
7945,2,82051,98802,3.256,4.600,14.978
7948,2,82012,98722,3.256,4.600,14.978
7951,2,81731,97889,3.256,4.600,14.978
7955,2,81520,97282,3.256,4.600,14.978
7958,2,81556,97393,3.256,4.600,14.978
7962,2,81705,97819,3.256,4.600,14.978
7965,2,81804,98145,3.256,4.600,14.978
7968,2,81840,98286,3.256,4.600,14.978
7972,2,81844,98275,3.256,4.600,14.978
7975,2,81807,98152,3.256,4.600,14.978
7978,2,81768,98073,3.256,4.600,14.978
7982,2,81790,98174,3.256,4.600,14.978
7985,2,81844,98321,3.256,4.600,14.978
7989,2,81876,98456,3.256,4.600,14.978
7992,2,81899,98507,3.256,4.600,14.978
7995,2,81942,98593,3.256,4.600,14.978
8033,2,81984,98672,3.252,4.800,15.610
8062,2,81753,97842,3.252,4.800,15.610
8073,2,81903,98573,3.252,4.800,15.610
8114,2,81955,98682,3.252,4.800,15.610
8154,2,81793,98259,3.252,5.000,16.260
8193,2,81517,97314,3.252,5.000,16.260
8234,2,81408,97059,3.252,4.800,15.610
8273,2,81480,97327,3.252,4.800,15.610
8313,2,81716,97816,3.252,4.800,15.610
8353,2,81795,98056,3.252,4.700,15.284
8394,2,81732,98092,3.252,4.700,15.284
8434,2,81707,97998,3.252,5.000,16.260
8474,2,81710,97945,3.252,5.000,16.260
8514,2,81753,98023,3.252,5.000,16.260
8554,2,81795,98142,3.252,4.900,15.935
8594,2,81749,98224,3.252,4.900,15.935
8634,2,81831,98354,3.252,4.800,15.610
8674,2,81883,98516,3.252,4.800,15.610
8714,2,81974,98648,3.252,4.800,15.610
8754,2,81983,98683,3.256,4.700,15.303
8794,2,81885,98581,3.256,4.700,15.303
8834,2,81913,98640,3.252,4.800,15.610
8874,2,81766,98069,3.252,4.800,15.610
8914,2,81487,97262,3.252,4.800,15.610
8954,2,81468,97288,3.252,4.800,15.610
8994,2,81560,97615,3.252,4.800,15.610
9034,2,81728,98014,3.252,4.700,15.284
9074,2,81812,98258,3.252,4.700,15.284
9114,2,81762,98252,3.252,4.700,15.284
9154,2,81719,98145,3.252,5.000,16.260
9194,2,81766,98153,3.252,5.000,16.260
9234,2,81851,98234,3.252,5.000,16.260
9274,2,81849,98351,3.252,5.000,16.260
9314,2,81823,98413,3.252,5.000,16.260
9354,2,81854,98512,3.248,4.600,14.941
9394,2,81976,98693,3.248,4.600,14.941
9434,2,81969,98653,3.248,5.000,16.240
9474,2,81846,98569,3.248,5.000,16.240
9514,2,81898,98641,3.248,5.000,16.240
9554,2,81934,98676,3.252,5.000,16.260
9594,2,81901,98550,3.252,5.000,16.260
9634,2,81535,97525,3.248,4.900,15.915
9674,2,81402,97160,3.248,4.900,15.915
9714,2,81516,97439,3.248,4.900,15.915
9754,2,81629,97786,3.248,4.800,15.590
9794,2,81738,98063,3.248,4.800,15.590
9834,2,81727,98154,3.244,4.800,15.571
9874,2,81705,98096,3.244,4.800,15.571
9914,2,81716,98079,3.244,4.800,15.571
9954,2,81704,97991,3.244,4.900,15.896
9994,2,81686,98009,3.244,4.900,15.896
10034,2,81729,98190,3.248,4.700,15.266
10062,2,81885,98581,3.248,4.700,15.266
10074,2,81785,98298,3.248,4.700,15.266
10114,2,81908,98545,3.248,4.700,15.266
10154,2,81939,98621,3.248,4.900,15.915
10194,2,81846,98528,3.248,4.900,15.915
10234,2,81854,98540,3.248,4.700,15.266
10274,2,81917,98625,3.248,4.700,15.266
10314,2,81879,98617,3.248,4.700,15.266
10354,2,81826,98510,3.248,4.900,15.915
10394,2,81624,97722,3.248,4.900,15.915
10434,2,81488,97267,3.244,4.900,15.896
10474,2,81426,97291,3.244,4.900,15.896
10514,2,81593,97724,3.244,4.900,15.896
10554,2,81728,98099,3.252,4.900,15.935
10594,2,81843,98365,3.252,4.900,15.935
10634,2,81759,98234,3.248,5.000,16.240
10675,2,81663,98035,3.248,5.000,16.240
10714,2,81735,98114,3.248,5.000,16.240
10754,2,81784,98194,3.252,4.600,14.959
10794,2,81803,98331,3.252,4.600,14.959
10834,2,81816,98425,3.248,4.900,15.915
10875,2,81823,98523,3.248,4.900,15.915
10915,2,81953,98729,3.248,4.900,15.915
10955,2,81994,98758,3.252,4.900,15.935
10994,2,81908,98655,3.252,4.900,15.935
11034,2,81919,98731,3.248,4.900,15.915
11075,2,81990,98827,3.248,4.900,15.915
11115,2,81969,98765,3.248,4.900,15.915
11155,2,81730,98102,3.252,5.000,16.260
11195,2,81482,97437,3.252,5.000,16.260
11235,2,81607,97637,3.252,5.000,16.260
11275,2,81751,98092,3.252,5.000,16.260
11315,2,81773,98306,3.252,5.000,16.260
11355,2,81824,98507,3.252,4.700,15.284
11395,2,81909,98626,3.252,4.700,15.284
11435,2,81888,98546,3.248,4.900,15.915
11475,2,81845,98419,3.248,4.900,15.915
11515,2,81866,98440,3.248,4.900,15.915
11555,2,81865,98515,3.256,5.000,16.280
11595,2,81896,98652,3.256,5.000,16.280
11635,2,81966,98772,3.252,5.000,16.260
11675,2,81960,98790,3.252,5.000,16.260
11715,2,81868,98657,3.252,5.000,16.260
11755,2,81892,98703,3.252,4.800,15.610
11795,2,81927,98809,3.252,4.800,15.610
11835,2,81975,98757,3.248,4.600,14.941
11875,2,81726,98003,3.248,4.600,14.941
11915,2,81461,97433,3.248,4.600,14.941
11955,2,81518,97656,3.252,4.900,15.935
11995,2,81744,98205,3.252,4.900,15.935
12035,2,81865,98550,3.248,5.200,16.890
12075,2,81881,98589,3.248,5.200,16.890
12115,2,81794,98515,3.248,5.200,16.890
12155,2,81748,98363,3.252,4.900,15.935
12195,2,81824,98379,3.252,4.900,15.935
12235,2,81858,98456,3.248,5.000,16.240
12275,2,81862,98567,3.248,5.000,16.240
12315,2,81854,98601,3.248,5.000,16.240
12355,2,81871,98662,3.232,4.500,14.544
12395,2,81945,98815,3.232,4.500,14.544
12435,2,81961,98801,3.248,4.600,14.941
12475,2,81914,98747,3.248,4.600,14.941
12515,2,81850,98664,3.248,4.600,14.941
12555,2,81584,97847,3.252,6.700,21.788
12595,2,81479,97348,3.252,6.700,21.788
12635,2,81494,97463,3.232,4.900,15.837
12675,2,81552,97766,3.232,4.900,15.837
12715,2,81696,98125,3.232,4.900,15.837
12755,2,81778,98408,3.244,4.600,14.922
12795,2,81835,98493,3.244,4.600,14.922
12835,2,81728,98253,3.248,4.800,15.590
12875,2,81678,98166,3.248,4.800,15.590
12915,2,81772,98320,3.248,4.800,15.590
12955,2,81811,98469,3.256,5.100,16.606
12995,2,81835,98561,3.256,5.100,16.606
13035,2,81814,98580,3.232,5.000,16.160
13075,2,81823,98600,3.232,5.000,16.160
13115,2,81926,98746,3.232,5.000,16.160
13155,2,81926,98764,3.244,4.200,13.625
13195,2,81850,98599,3.244,4.200,13.625
13235,2,81513,97683,3.228,6.800,21.950
13276,2,81328,97146,3.228,6.800,21.950
13315,2,81443,97279,3.228,6.800,21.950
13356,2,81561,97661,3.252,5.000,16.260
13395,2,81573,97862,3.252,5.000,16.260
13435,2,81640,98110,3.244,5.100,16.544
13476,2,81714,98186,3.244,5.100,16.544
13516,2,81715,98151,3.244,5.100,16.544
13556,2,81694,98037,3.248,4.500,14.616
13596,2,81677,98102,3.248,4.500,14.616
13636,2,81682,98245,3.228,5.200,16.786
13676,2,81717,98363,3.228,5.200,16.786
13715,2,81849,98559,3.228,5.200,16.786
13755,2,81864,98630,3.228,4.300,13.880
13796,2,81832,98566,3.228,4.300,13.880
13836,2,81795,98579,3.248,6.900,22.411
13876,2,81792,98533,3.248,6.900,22.411
13916,2,81687,98099,3.248,6.900,22.411
13956,2,81427,97301,3.256,6.900,22.466
13996,2,81387,97215,3.256,6.900,22.466
14036,2,81409,97435,3.232,5.100,16.483
14063,2,81835,98493,3.232,5.100,16.483
14076,2,81538,97846,3.232,5.100,16.483
14116,2,81724,98246,3.232,5.100,16.483
14156,2,81783,98404,3.240,4.400,14.256
14196,2,81686,98265,3.240,4.400,14.256
14236,2,81661,98219,3.232,6.800,21.978
14276,2,81757,98363,3.232,6.800,21.978
14316,2,81774,98441,3.232,6.800,21.978
14356,2,81823,98541,3.252,5.400,17.561
14396,2,81785,98544,3.252,5.400,17.561
14436,2,81829,98642,3.248,4.900,15.915
14476,2,81881,98685,3.248,4.900,15.915
14516,2,81867,98666,3.248,4.900,15.915
14556,2,81827,98675,3.248,4.200,13.642
14596,2,81848,98682,3.248,4.200,13.642
14636,2,81715,98153,3.248,4.900,15.915
14676,2,81428,97331,3.248,4.900,15.915
14716,2,81332,97220,3.248,4.900,15.915
14756,2,81453,97558,3.256,5.000,16.280
14796,2,81659,98036,3.256,5.000,16.280
14836,2,81741,98319,3.236,4.900,15.856
14876,2,81708,98280,3.236,4.900,15.856
14916,2,81680,98185,3.236,4.900,15.856
14956,2,81617,98034,3.248,4.300,13.966
14996,2,81699,98194,3.248,4.300,13.966
15036,2,81716,98291,3.248,5.100,16.565
15076,2,81679,98363,3.248,5.100,16.565
15116,2,81803,98552,3.248,5.100,16.565
15156,2,81824,98608,3.256,4.900,15.954
15196,2,81885,98675,3.256,4.900,15.954
15236,2,81843,98638,3.248,4.900,15.915
15276,2,81776,98617,3.248,4.900,15.915
15316,2,81892,98763,3.248,4.900,15.915
15356,2,81827,98590,3.248,4.500,14.616
15396,2,81563,97727,3.248,4.500,14.616
15436,2,81410,97368,3.232,4.900,15.837
15476,2,81455,97548,3.232,4.900,15.837
15516,2,81617,98029,3.232,4.900,15.837
15557,2,81716,98312,3.232,4.800,15.514
15596,2,81810,98541,3.232,4.800,15.514
15636,2,81775,98425,3.248,7.300,23.710
15676,2,81660,98232,3.248,7.300,23.710
15717,2,81699,98327,3.248,7.300,23.710
15757,2,81715,98412,3.252,4.900,15.935
15797,2,81832,98637,3.252,4.900,15.935
15837,2,81832,98683,3.232,4.900,15.837
15876,2,81796,98650,3.232,4.900,15.837
15917,2,81822,98743,3.232,4.900,15.837
15957,2,81859,98764,3.248,4.500,14.616
15997,2,81915,98851,3.248,4.500,14.616
17018,2,81851,98807,3.252,6.900,22.439
17019,2,81880,98841,3.252,6.900,22.439
17019,2,81819,98645,3.252,6.900,22.439
17020,2,81523,97772,3.252,6.900,22.439
17021,2,81455,97557,3.252,6.900,22.439
17025,2,81538,97847,3.252,6.900,22.439
17028,2,81669,98272,3.252,6.900,22.439
17032,2,81761,98541,3.252,6.900,22.439
17035,2,81788,98625,3.252,6.900,22.439
17039,2,81766,98563,3.252,6.900,22.439
17042,2,81710,98400,3.252,6.900,22.439
17046,2,81700,98375,3.252,6.900,22.439
17049,2,81751,98522,3.252,6.900,22.439
17053,2,81804,98660,3.252,6.900,22.439
17056,2,81820,98740,3.252,6.900,22.439
17059,2,81839,98771,3.252,6.900,22.439
17063,2,81856,98808,3.252,6.900,22.439
17066,2,81857,98809,3.252,6.900,22.439
17070,2,81870,98835,3.252,6.900,22.439
17073,2,81884,98853,3.252,6.900,22.439
17077,2,81725,98480,3.252,6.900,22.439
17080,2,81452,97605,3.252,6.900,22.439
17084,2,81438,97565,3.252,6.900,22.439
17087,2,81551,97943,3.252,6.900,22.439
17091,2,81688,98349,3.252,6.900,22.439
17094,2,81758,98556,3.252,6.900,22.439
17098,2,81773,98591,3.252,6.900,22.439
17117,2,81689,98454,3.252,4.900,15.935
17157,2,81601,98207,3.252,4.900,15.935
17197,2,81703,98338,3.252,4.900,15.935
17237,2,81766,98505,3.252,5.200,16.910
17277,2,81746,98531,3.252,5.200,16.910
17317,2,81731,98573,3.248,4.900,15.915
17357,2,81749,98650,3.248,4.900,15.915
17397,2,81836,98737,3.248,4.900,15.915
17437,2,81834,98720,3.252,4.700,15.284
17477,2,81747,98611,3.252,4.700,15.284
17517,2,81634,98250,3.248,4.600,14.941
17557,2,81281,97269,3.248,4.600,14.941
17597,2,81336,97226,3.248,4.600,14.941
17637,2,81388,97482,3.248,4.800,15.590
17646,2,81766,98563,3.248,4.800,15.590
17677,2,81468,97762,3.248,4.800,15.590
17717,2,81581,98093,3.248,4.700,15.266
17757,2,81621,98240,3.248,4.700,15.266
17797,2,81660,98232,3.248,4.700,15.266
17837,2,81579,98019,3.252,4.600,14.959
17877,2,81467,97870,3.252,4.600,14.959
17917,2,81551,98036,3.252,4.800,15.610
17957,2,81597,98248,3.252,4.800,15.610
17997,2,81750,98481,3.252,4.800,15.610
18037,2,81756,98599,3.248,5.100,16.565
18077,2,81716,98536,3.248,5.100,16.565
18117,2,81733,98564,3.248,4.900,15.915
18157,2,81689,98566,3.248,4.900,15.915
18198,2,81733,98566,3.248,4.900,15.915
18238,2,81414,97629,3.248,4.900,15.915
18278,2,81297,97085,3.248,4.900,15.915
18318,2,81241,97134,3.248,4.700,15.266
18357,2,81371,97464,3.248,4.700,15.266
18398,2,81420,97815,3.248,4.700,15.266
18438,2,81518,98047,3.248,4.900,15.915
18478,2,81589,98118,3.248,4.900,15.915
18518,2,81467,97838,3.252,4.700,15.284
19538,2,81470,97765,3.252,4.300,13.984
19539,2,81484,97840,3.252,4.300,13.984
19539,2,81537,98022,3.252,4.300,13.984
19540,2,81586,98197,3.252,4.300,13.984
19541,2,81638,98343,3.252,4.300,13.984
19545,2,81679,98422,3.252,4.300,13.984
19548,2,81675,98457,3.252,4.300,13.984
19552,2,81701,98481,3.252,4.300,13.984
19555,2,81720,98547,3.252,4.300,13.984
19559,2,81692,98451,3.252,4.300,13.984
19562,2,81382,97550,3.252,4.300,13.984
19566,2,81232,97029,3.252,4.300,13.984
19569,2,81267,97132,3.252,4.300,13.984
19573,2,81360,97475,3.252,4.300,13.984
19576,2,81440,97779,3.252,4.300,13.984
19579,2,81520,97959,3.252,4.300,13.984
19583,2,81527,97987,3.252,4.300,13.984
19586,2,81463,97844,3.252,4.300,13.984
19590,2,81450,97788,3.252,4.300,13.984
19593,2,81484,97877,3.252,4.300,13.984
19597,2,81533,98052,3.252,4.300,13.984
19600,2,81567,98213,3.252,4.300,13.984
19604,2,81630,98318,3.252,4.300,13.984
19607,2,81628,98380,3.252,4.300,13.984
19611,2,81646,98395,3.252,4.300,13.984
19614,2,81651,98416,3.252,4.300,13.984
19618,2,81648,98421,3.252,4.300,13.984
19638,2,81650,98488,3.248,4.700,15.266
19678,2,81642,98375,3.248,4.700,15.266
19718,2,81279,97375,3.248,4.700,15.266
19758,2,81104,96878,3.248,4.900,15.915
19798,2,81167,96966,3.248,4.900,15.915
19838,2,81265,97302,3.248,4.900,15.915
19878,2,81330,97562,3.248,4.900,15.915
19918,2,81467,97847,3.248,4.900,15.915
19958,2,81491,97864,3.252,4.800,15.610
19998,2,81444,97725,3.252,4.800,15.610
20038,2,81347,97605,3.248,4.700,15.266
20078,2,81400,97726,3.248,4.700,15.266
20108,2,81701,98481,3.248,4.700,15.266
20118,2,81404,97862,3.248,4.700,15.266
20158,2,81486,98040,3.252,4.800,15.610
21188,2,81553,98225,3.256,4.500,14.652
21189,2,81594,98300,3.256,4.500,14.652
21189,2,81610,98351,3.256,4.500,14.652
21190,2,81622,98384,3.256,4.500,14.652
21191,2,81643,98411,3.256,4.500,14.652
21195,2,81645,98449,3.256,4.500,14.652
21198,2,81658,98497,3.256,4.500,14.652
21202,2,81596,98315,3.256,4.500,14.652
21205,2,81274,97326,3.256,4.500,14.652
21209,2,81150,96946,3.256,4.500,14.652
21212,2,81210,97129,3.256,4.500,14.652
21216,2,81328,97498,3.256,4.500,14.652
21219,2,81421,97809,3.256,4.500,14.652
21223,2,81482,97991,3.256,4.500,14.652
21226,2,81461,97932,3.256,4.500,14.652
21229,2,81426,97796,3.256,4.500,14.652
21233,2,81409,97737,3.256,4.500,14.652
21236,2,81449,97865,3.256,4.500,14.652
21240,2,81508,98047,3.256,4.500,14.652
21243,2,81562,98214,3.256,4.500,14.652
21247,2,81593,98339,3.256,4.500,14.652
21250,2,81625,98391,3.256,4.500,14.652
21254,2,81644,98452,3.256,4.500,14.652
21257,2,81656,98484,3.256,4.500,14.652
21261,2,81675,98514,3.256,4.500,14.652
21264,2,81669,98533,3.256,4.500,14.652
21268,2,81696,98593,3.256,4.500,14.652
21279,2,81639,98465,3.256,4.500,14.652
21319,2,81210,97379,3.248,4.900,15.915
21359,2,81125,96984,3.248,4.900,15.915
21399,2,81222,97230,3.252,4.900,15.935
21439,2,81377,97692,3.252,4.900,15.935
21479,2,81560,98088,3.252,4.900,15.935
21519,2,81608,98309,3.248,4.700,15.266
21559,2,81603,98253,3.248,4.700,15.266
21599,2,81485,98035,3.252,4.700,15.284
21639,2,81530,97984,3.252,4.700,15.284
21679,2,81486,98015,3.252,4.700,15.284
21719,2,81592,98238,3.248,5.000,16.240
21759,2,81566,98338,3.248,5.000,16.240
21799,2,81627,98444,3.252,4.900,15.935
21839,2,81617,98469,3.252,4.900,15.935
21879,2,81643,98524,3.252,4.900,15.935
21919,2,81655,98533,3.248,4.700,15.266
21959,2,81705,98637,3.248,4.700,15.266
21999,2,81706,98645,3.248,5.000,16.240
22039,2,81572,98254,3.248,5.000,16.240
22079,2,81303,97430,3.248,5.000,16.240
22119,2,81254,97284,3.248,4.800,15.590
22159,2,81407,97640,3.248,4.800,15.590
22199,2,81563,98084,3.248,4.800,15.590
22239,2,81657,98419,3.248,4.800,15.590
22250,2,81593,98339,3.248,4.800,15.590
22279,2,81606,98382,3.248,4.800,15.590
22319,2,81662,98364,3.252,4.700,15.284
22359,2,81497,98094,3.252,4.700,15.284
22399,2,81557,98183,3.252,5.000,16.260
22439,2,81608,98329,3.252,5.000,16.260
22479,2,81599,98442,3.252,5.000,16.260
22519,2,81741,98646,3.248,4.800,15.590
22559,2,81720,98656,3.248,4.800,15.590
22599,2,81693,98631,3.252,4.800,15.610
22639,2,81666,98594,3.252,4.800,15.610
22679,2,81648,98604,3.252,4.800,15.610
22719,2,81652,98499,3.252,5.000,16.260
22759,2,81302,97606,3.252,5.000,16.260
22799,2,81209,97171,3.248,5.000,16.240
22839,2,81331,97408,3.248,5.000,16.240
22879,2,81456,97836,3.248,5.000,16.240
22919,2,81565,98215,3.248,4.800,15.590
22959,2,81633,98410,3.248,4.800,15.590
22999,2,81628,98348,3.248,4.800,15.590
23039,2,81560,98162,3.248,4.800,15.590
23079,2,81589,98149,3.248,4.800,15.590
23119,2,81580,98276,3.248,4.500,14.616
23159,2,81694,98514,3.248,4.500,14.616
23199,2,81707,98608,3.248,4.800,15.590
23239,2,81773,98756,3.248,4.800,15.590
23279,2,81746,98758,3.248,4.800,15.590
23319,2,81801,98808,3.252,4.700,15.284
23359,2,81810,98843,3.252,4.700,15.284
23400,2,81803,98807,3.248,5.100,16.565
23439,2,81654,98444,3.248,5.100,16.565
23479,2,81340,97448,3.248,5.100,16.565
23520,2,81238,97235,3.252,5.000,16.260
23560,2,81358,97540,3.252,5.000,16.260
23600,2,81456,97879,3.248,4.800,15.590
23639,2,81579,98218,3.248,4.800,15.590
24668,2,81590,98311,3.256,4.500,14.652
24669,2,81537,98218,3.256,4.500,14.652
24669,2,81488,98041,3.256,4.500,14.652
24670,2,81483,97999,3.256,4.500,14.652
24671,2,81508,98134,3.256,4.500,14.652
24675,2,81571,98309,3.256,4.500,14.652
24678,2,81598,98407,3.256,4.500,14.652
24682,2,81627,98485,3.256,4.500,14.652
24685,2,81634,98537,3.256,4.500,14.652
24689,2,81646,98545,3.256,4.500,14.652
24692,2,81669,98590,3.256,4.500,14.652
24696,2,81671,98590,3.256,4.500,14.652
24699,2,81499,98089,3.256,4.500,14.652
24703,2,81204,97162,3.256,4.500,14.652
24706,2,81154,97044,3.256,4.500,14.652
24709,2,81251,97361,3.256,4.500,14.652
24713,2,81369,97727,3.256,4.500,14.652
24716,2,81434,97987,3.256,4.500,14.652
24720,2,81481,98097,3.256,4.500,14.652
24723,2,81454,98014,3.256,4.500,14.652
24727,2,81412,97890,3.256,4.500,14.652
24730,2,81419,97928,3.256,4.500,14.652
24734,2,81485,98093,3.256,4.500,14.652
24737,2,81545,98281,3.256,4.500,14.652
24741,2,81585,98371,3.256,4.500,14.652
24744,2,81598,98429,3.256,4.500,14.652
24748,2,81628,98432,3.256,4.500,14.652
24760,2,81582,98412,3.256,4.500,14.652
24800,2,81571,98400,3.248,5.000,16.240
24840,2,81623,98500,3.248,5.000,16.240
24880,2,81603,98438,3.248,4.900,15.915
24920,2,81309,97611,3.248,4.900,15.915
24960,2,81087,96986,3.248,4.900,15.915
25000,2,81065,97041,3.248,5.100,16.565
25040,2,81263,97531,3.248,5.100,16.565
25080,2,81416,97953,3.248,4.700,15.266
25120,2,81506,98176,3.248,4.700,15.266
25160,2,81467,98117,3.248,4.700,15.266
25200,2,81538,98103,3.252,5.000,16.260
25240,2,81490,98043,3.252,5.000,16.260
25280,2,81523,98123,3.252,4.800,15.610
25320,2,81577,98305,3.252,4.800,15.610
25360,2,81638,98480,3.252,4.800,15.610
25400,2,81595,98438,3.252,4.500,14.634
25440,2,81630,98524,3.252,4.500,14.634
25480,2,81603,98492,3.248,4.700,15.266
25520,2,81535,98387,3.248,4.700,15.266
25560,2,81560,98428,3.248,4.700,15.266
25600,2,81693,98646,3.252,4.800,15.610
25640,2,81676,98568,3.252,4.800,15.610
25680,2,81381,97714,3.248,4.500,14.616
25720,2,81216,97190,3.248,4.500,14.616
25760,2,81262,97306,3.248,4.500,14.616
25800,2,81334,97620,3.252,4.900,15.935
25840,2,81441,97961,3.252,4.900,15.935
25880,2,81474,98089,3.248,5.000,16.240
25920,2,81413,98038,3.248,5.000,16.240
25960,2,81341,97846,3.248,5.000,16.240
26000,2,81445,97941,3.252,5.000,16.260
26040,2,81495,98051,3.252,5.000,16.260
26080,2,81547,98197,3.252,4.800,15.610
26121,2,81568,98331,3.252,4.800,15.610
26160,2,81594,98395,3.252,4.800,15.610
26200,2,81540,98325,3.248,4.800,15.590
26241,2,81515,98262,3.248,4.800,15.590
26281,2,81498,98269,3.248,5.000,16.240
26320,2,81537,98354,3.248,5.000,16.240
26361,2,81576,98443,3.248,5.000,16.240
26401,2,81625,98449,3.252,4.700,15.284
26440,2,81318,97531,3.252,4.700,15.284
26481,2,81146,97054,3.252,4.900,15.935
26521,2,81222,97247,3.252,4.900,15.935
26561,2,81351,97601,3.252,4.900,15.935
26601,2,81347,97836,3.252,5.000,16.260
26641,2,81447,98043,3.252,5.000,16.260
26680,2,81445,98010,3.252,4.800,15.610
26721,2,81358,97758,3.252,4.800,15.610
26761,2,81317,97660,3.252,4.800,15.610
26801,2,81393,97822,3.252,5.000,16.260
26841,2,81436,98004,3.252,5.000,16.260
26881,2,81528,98218,3.252,4.800,15.610
26921,2,81632,98408,3.252,4.800,15.610
26961,2,81670,98483,3.252,4.800,15.610
27001,2,81561,98397,3.252,4.800,15.610
27041,2,81616,98461,3.252,4.800,15.610
27081,2,81574,98379,3.252,5.000,16.260
27121,2,81431,98103,3.252,5.000,16.260
27161,2,81211,97277,3.252,5.000,16.260
27201,2,81017,96790,3.252,5.000,16.260
27241,2,81058,96951,3.252,5.000,16.260
27281,2,81208,97339,3.252,4.800,15.610
27321,2,81370,97722,3.252,4.800,15.610
27361,2,81459,97970,3.252,4.800,15.610
27401,2,81366,97796,3.252,4.900,15.935
27441,2,81235,97532,3.252,4.900,15.935
27481,2,81294,97589,3.252,4.800,15.610
27521,2,81370,97727,3.252,4.800,15.610
27561,2,81370,97754,3.252,4.800,15.610
27601,2,81297,97769,3.252,4.900,15.935
27641,2,81327,97859,3.252,4.900,15.935
27676,2,81625,98449,3.252,4.900,15.935
27681,2,81430,98025,3.252,4.900,15.935
27721,2,81482,98121,3.252,4.900,15.935
27761,2,81470,98141,3.252,4.900,15.935
27801,2,81400,98085,3.252,4.600,14.959
27841,2,81263,97623,3.252,4.600,14.959
27881,2,80993,96778,3.252,4.800,15.610
27921,2,80969,96633,3.252,4.800,15.610
27961,2,81049,96851,3.252,4.800,15.610
28001,2,81049,97060,3.252,4.800,15.610
28041,2,81126,97274,3.252,4.800,15.610
28081,2,81247,97523,3.252,4.800,15.610
28121,2,81265,97494,3.252,4.800,15.610
28161,2,81196,97377,3.252,4.800,15.610
28201,2,81132,97305,3.252,4.800,15.610
28241,2,81189,97473,3.252,4.800,15.610
28281,2,81309,97738,3.252,4.600,14.959
28321,2,81342,97901,3.252,4.600,14.959
28361,2,81315,97892,3.252,4.600,14.959
28401,2,81424,98054,3.252,4.800,15.610
28441,2,81467,98119,3.252,4.800,15.610
28481,2,81429,98098,3.252,4.900,15.935
28521,2,81381,98071,3.252,4.900,15.935
28561,2,81179,97486,3.252,4.900,15.935
28601,2,80973,96714,3.252,4.900,15.935
28637,2,81459,97970,3.252,4.900,15.935
28641,2,80948,96610,3.252,4.900,15.935
28681,2,80969,96753,3.252,5.000,16.260
28722,2,81089,97027,3.252,5.000,16.260
28761,2,81077,97052,3.252,5.000,16.260
28801,2,81101,97155,3.252,4.900,15.935
28841,2,81059,97104,3.252,4.900,15.935
28881,2,81088,97111,3.252,4.800,15.610
28921,2,81183,97260,3.252,4.800,15.610
28962,2,81234,97420,3.252,4.800,15.610
29002,2,81188,97498,3.252,4.600,14.959
29041,2,81205,97627,3.252,4.600,14.959
29081,2,81327,97844,3.252,4.900,15.935
29121,2,81379,97945,3.252,4.900,15.935
29162,2,81372,97943,3.252,4.900,15.935
29202,2,81426,98095,3.252,5.000,16.260
29241,2,81495,98216,3.252,5.000,16.260
29278,2,81049,97060,3.252,4.900,15.935
29282,2,81426,98131,3.252,4.900,15.935
29322,2,81077,97230,3.252,4.900,15.935
29361,2,80912,96614,3.252,4.900,15.935
29402,2,80949,96609,3.252,4.800,15.610
29442,2,80959,96786,3.252,4.800,15.610
29481,2,81063,97088,3.252,4.800,15.610
29522,2,81210,97394,3.252,4.800,15.610
29562,2,81209,97428,3.252,4.800,15.610
29602,2,81080,97209,3.252,5.000,16.260
29642,2,81050,97092,3.252,5.000,16.260
29682,2,81161,97267,3.252,4.800,15.610
29722,2,81202,97488,3.252,4.800,15.610
29762,2,81230,97661,3.252,4.800,15.610
29802,2,81407,97987,3.252,4.800,15.610
29842,2,81423,98027,3.252,4.800,15.610
29882,2,81384,98022,3.252,4.600,14.959
29922,2,81376,98047,3.252,4.600,14.959
29962,2,81462,98200,3.252,4.600,14.959
30002,2,81366,98102,3.252,4.900,15.935
30042,2,81124,97421,3.252,4.900,15.935
30082,2,80953,96790,3.252,4.800,15.610
30122,2,80947,96724,3.252,4.800,15.610
30162,2,80987,96913,3.252,4.800,15.610
30202,2,81184,97401,3.252,4.900,15.935
30242,2,81302,97709,3.252,4.900,15.935
30282,2,81197,97604,3.252,5.000,16.260
30322,2,81112,97336,3.252,5.000,16.260
30362,2,81137,97265,3.252,5.000,16.260
30402,2,81108,97279,3.252,4.900,15.935
30442,2,81206,97524,3.252,4.900,15.935
30482,2,81232,97704,3.252,4.800,15.610
30522,2,81221,97730,3.252,4.800,15.610
30562,2,81286,97866,3.252,4.800,15.610
30602,2,81284,97882,3.252,4.800,15.610
30642,2,81364,98024,3.252,4.800,15.610
30682,2,81389,98124,3.252,4.700,15.284
30722,2,81270,97799,3.252,4.700,15.284
30762,2,81029,96983,3.252,4.700,15.284
30802,2,80913,96717,3.252,4.900,15.935
30842,2,80964,96848,3.252,4.900,15.935
30882,2,81070,97187,3.256,4.700,15.303
30922,2,81227,97517,3.256,4.700,15.303
30962,2,81249,97668,3.256,4.700,15.303
31002,2,81117,97448,3.252,4.700,15.284
31042,2,81099,97278,3.252,4.700,15.284
31082,2,81099,97269,3.252,4.600,14.959
31122,2,81061,97366,3.252,4.600,14.959
31141,2,81384,98022,3.252,4.600,14.959
31162,2,81168,97568,3.252,4.600,14.959
31202,2,81280,97852,3.256,4.800,15.629
31242,2,81322,97988,3.256,4.800,15.629
31282,2,81319,98035,3.252,4.700,15.284
31322,2,81387,98122,3.252,4.700,15.284
31362,2,81363,98117,3.252,4.700,15.284
31402,2,81316,98061,3.252,5.000,16.260
31442,2,81138,97491,3.252,5.000,16.260
31482,2,80875,96678,3.252,5.000,16.260
31522,2,80780,96436,3.252,5.000,16.260
31562,2,80819,96567,3.252,5.000,16.260
31603,2,80998,96976,3.252,4.800,15.610
31642,2,80988,97008,3.252,4.800,15.610
31682,2,80930,96944,3.256,4.800,15.629
31722,2,80952,96896,3.256,4.800,15.629
31763,2,80953,96859,3.256,4.800,15.629
31803,2,80828,96719,3.252,4.700,15.284
31842,2,80880,96870,3.252,4.700,15.284
31883,2,80977,97111,3.252,4.900,15.935
31922,2,81036,97305,3.252,4.900,15.935
31963,2,81038,97356,3.252,4.900,15.935
32003,2,81141,97558,3.256,4.700,15.303
32043,2,81175,97645,3.256,4.700,15.303
32083,2,81130,97626,3.256,4.800,15.629
32122,2,81176,97711,3.256,4.800,15.629
32163,2,81234,97790,3.256,4.800,15.629
32203,2,81004,97303,3.256,4.800,15.629
32243,2,80681,96319,3.256,4.800,15.629
32283,2,80655,96147,3.252,5.100,16.585
32323,2,80684,96261,3.252,5.100,16.585
32363,2,80726,96428,3.252,5.100,16.585
32403,2,80912,96766,3.252,4.800,15.610
32443,2,80943,96891,3.252,4.800,15.610
32483,2,80861,96827,3.252,4.900,15.935
32523,2,80863,96766,3.252,4.900,15.935
32563,2,80904,96837,3.252,4.900,15.935
32603,2,80845,96854,3.252,4.900,15.935
32643,2,80914,97032,3.252,4.900,15.935
32683,2,81000,97245,3.252,4.900,15.935
32723,2,81061,97397,3.252,4.900,15.935
32763,2,81027,97445,3.252,4.900,15.935
32803,2,81163,97654,3.256,4.600,14.978
32843,2,81201,97736,3.256,4.600,14.978
32883,2,81147,97672,3.252,4.900,15.935
32923,2,81147,97691,3.252,4.900,15.935
32963,2,81254,97896,3.252,4.900,15.935
33003,2,81148,97768,3.256,4.700,15.303
33043,2,80879,96877,3.256,4.700,15.303
33083,2,80670,96256,3.256,5.000,16.280
33123,2,80637,96209,3.256,5.000,16.280
33163,2,80736,96540,3.256,5.000,16.280
33203,2,80873,96837,3.256,4.900,15.954
33243,2,80877,96936,3.256,4.900,15.954
33283,2,80958,97087,3.256,5.000,16.280
33323,2,80954,97048,3.256,5.000,16.280
33363,2,80911,96931,3.256,5.000,16.280
33403,2,80914,96952,3.256,4.800,15.629
33443,2,80984,97159,3.256,4.800,15.629
33483,2,81018,97288,3.252,4.800,15.610
33523,2,81093,97492,3.252,4.800,15.610
33563,2,81157,97665,3.252,4.800,15.610
33603,2,81069,97611,3.256,4.800,15.629
33643,2,81102,97656,3.256,4.800,15.629
33683,2,81137,97672,3.256,4.800,15.629
33723,2,81015,97546,3.256,4.800,15.629
33763,2,81087,97639,3.256,4.800,15.629
33803,2,81119,97706,3.256,4.800,15.629
33843,2,81120,97767,3.256,4.800,15.629
33883,2,81060,97519,3.256,4.700,15.303
33923,2,80779,96549,3.256,4.700,15.303
33963,2,80607,96133,3.256,4.700,15.303
34003,2,80677,96316,3.256,4.600,14.978
34043,2,80798,96615,3.256,4.600,14.978
34083,2,80871,96893,3.256,4.700,15.303
34123,2,80883,97021,3.256,4.700,15.303
34163,2,80879,96994,3.256,4.700,15.303
34204,2,80882,96898,3.252,4.700,15.284
34243,2,80836,96813,3.252,4.700,15.284
34283,2,80872,96861,3.252,5.000,16.260
34323,2,80974,97135,3.252,5.000,16.260
34364,2,81008,97293,3.252,5.000,16.260
34404,2,80976,97313,3.252,4.800,15.610
34443,2,81024,97443,3.252,4.800,15.610
34484,2,81081,97576,3.256,4.800,15.629
34523,2,81021,97505,3.256,4.800,15.629
34564,2,80961,97395,3.256,4.800,15.629
34604,2,80948,97376,3.252,4.800,15.610
34644,2,80970,97418,3.252,4.800,15.610
34684,2,81076,97566,3.256,4.700,15.303
34724,2,80931,97322,3.256,4.700,15.303
34763,2,80699,96495,3.256,4.700,15.303
34804,2,80491,96032,3.256,4.900,15.954
34844,2,80531,96141,3.256,4.900,15.954
34884,2,80685,96496,3.256,4.600,14.978
34924,2,80720,96718,3.256,4.600,14.978
34964,2,80853,97008,3.256,4.600,14.978
35004,2,80840,97023,3.256,4.900,15.954
35044,2,80784,96781,3.256,4.900,15.954
35084,2,80775,96772,3.260,4.600,14.996
35124,2,80767,96757,3.260,4.600,14.996
35164,2,80906,97047,3.260,4.600,14.996
35204,2,80827,97033,3.252,4.800,15.610
35244,2,80914,97180,3.252,4.800,15.610
35284,2,80969,97347,3.256,4.800,15.629
35324,2,81022,97552,3.256,4.800,15.629
35364,2,81012,97612,3.256,4.800,15.629
35404,2,81068,97711,3.256,4.900,15.954
35444,2,81050,97720,3.256,4.900,15.954
35484,2,81145,97919,3.256,4.800,15.629
35524,2,81106,97801,3.256,4.800,15.629
35564,2,80903,97039,3.256,4.800,15.629
35604,2,80656,96447,3.256,4.900,15.954
35644,2,80702,96568,3.256,4.900,15.954
35684,2,80919,97080,3.256,4.900,15.954
35724,2,81006,97485,3.256,4.900,15.954
35764,2,81082,97738,3.256,4.900,15.954
35804,2,81136,97861,3.256,4.700,15.303
35844,2,81001,97516,3.256,4.700,15.303
35884,2,80971,97348,3.256,4.700,15.303
35924,2,80963,97338,3.256,4.700,15.303
35964,2,80977,97477,3.256,4.700,15.303
36004,2,81131,97800,3.260,4.500,14.670
36044,2,81162,97895,3.260,4.500,14.670
36084,2,81192,98042,3.256,4.700,15.303
36124,2,81223,98070,3.256,4.700,15.303
36164,2,81179,98048,3.256,4.700,15.303
36204,2,81254,98206,3.256,4.800,15.629
36244,2,81211,98030,3.256,4.800,15.629
36284,2,80866,97031,3.256,4.700,15.303
36324,2,80750,96622,3.256,4.700,15.303
36364,2,80732,96672,3.256,4.700,15.303
36404,2,80952,97175,3.256,4.700,15.303
36445,2,81055,97553,3.256,4.700,15.303
36484,2,81120,97806,3.256,4.800,15.629
36525,2,81153,97870,3.256,4.800,15.629
36564,2,81064,97552,3.256,4.800,15.629
36604,2,80891,97289,3.252,4.800,15.610
36644,2,80998,97433,3.252,4.800,15.610
36684,2,81007,97537,3.256,4.900,15.954
36725,2,81122,97811,3.256,4.900,15.954
36765,2,81166,97994,3.256,4.900,15.954
36805,2,81129,97971,3.256,4.500,14.652
36844,2,81203,98069,3.256,4.500,14.652
36849,2,80656,96447,3.256,4.500,14.652
36885,2,81202,98152,3.260,4.800,15.648
36925,2,81106,97962,3.260,4.800,15.648
36964,2,80860,97027,3.260,4.800,15.648
37005,2,80626,96408,3.252,5.100,16.585
37045,2,80643,96463,3.252,5.100,16.585
37085,2,80817,96884,3.256,4.800,15.629
37125,2,80941,97299,3.256,4.800,15.629
37165,2,80975,97493,3.256,4.800,15.629
37205,2,81058,97643,3.256,4.800,15.629
37245,2,80979,97404,3.256,4.800,15.629
37285,2,80864,97110,3.256,4.800,15.629
37325,2,80881,97114,3.256,4.800,15.629
37365,2,80972,97355,3.256,4.800,15.629
37405,2,80984,97500,3.252,4.200,13.658
37445,2,81110,97781,3.252,4.200,13.658
37485,2,81116,97829,3.252,5.200,16.910
37525,2,81131,97906,3.252,5.200,16.910
37565,2,81197,98008,3.252,5.200,16.910
37605,2,80963,97524,3.260,4.800,15.648
37645,2,80651,96509,3.260,4.800,15.648
37685,2,80572,96269,3.252,5.000,16.260
37725,2,80546,96278,3.252,5.000,16.260
37765,2,80775,96754,3.252,5.000,16.260
37805,2,80791,97000,3.240,4.400,14.256
37845,2,80838,97155,3.240,4.400,14.256
37885,2,80832,97089,3.256,4.800,15.629
37925,2,80730,96776,3.256,4.800,15.629
37965,2,80642,96584,3.256,4.800,15.629
38005,2,80806,96842,3.260,6.200,20.212
38045,2,80837,97036,3.260,6.200,20.212
38085,2,80879,97182,3.240,5.100,16.524
38125,2,80972,97402,3.240,5.100,16.524
38165,2,80913,97354,3.240,5.100,16.524
38205,2,80977,97453,3.244,4.400,14.274
38245,2,80959,97469,3.244,4.400,14.274
38285,2,80801,96967,3.252,7.100,23.089
38325,2,80547,96237,3.252,7.100,23.089
38365,2,80421,95959,3.252,7.100,23.089
38405,2,80499,96120,3.256,5.700,18.559
38445,2,80621,96463,3.256,5.700,18.559
38485,2,80689,96650,3.236,5.000,16.180
38525,2,80703,96755,3.236,5.000,16.180
38565,2,80611,96510,3.236,5.000,16.180
38605,2,80493,96209,3.252,4.500,14.634
38646,2,80549,96172,3.252,4.500,14.634
38685,2,80500,96174,3.240,6.900,22.356
38725,2,80610,96359,3.240,6.900,22.356
38766,2,80665,96518,3.240,6.900,22.356
38805,2,80769,96734,3.252,5.400,17.561
38846,2,80777,96896,3.252,5.400,17.561
38885,2,80905,97230,3.240,5.000,16.200
38925,2,81011,97474,3.240,5.000,16.200
38966,2,80766,96934,3.240,5.000,16.200
39006,2,80668,96366,3.240,4.300,13.932
39046,2,80523,96161,3.240,4.300,13.932
39086,2,80573,96231,3.240,5.200,16.848
39126,2,80665,96479,3.240,5.200,16.848
39166,2,80714,96649,3.240,5.200,16.848
39206,2,80735,96659,3.248,4.900,15.915
39246,2,80589,96436,3.248,4.900,15.915
39286,2,80564,96358,3.244,7.100,23.032
39326,2,80543,96370,3.244,7.100,23.032
39366,2,80625,96598,3.244,7.100,23.032
39406,2,80747,96851,3.244,4.700,15.247
39446,2,80678,96844,3.244,4.700,15.247
39486,2,80721,96864,3.220,4.900,15.778
39526,2,80744,96863,3.220,4.900,15.778
39566,2,80702,96843,3.220,4.900,15.778
39606,2,80729,96850,3.208,4.300,13.794
39646,2,80391,96080,3.208,4.300,13.794
39686,2,80313,95748,3.208,4.800,15.398
39726,2,80280,95640,3.208,4.800,15.398
39766,2,80371,95789,3.208,4.800,15.398
39806,2,80334,95831,3.196,4.400,14.062
39846,2,80477,96069,3.196,4.400,14.062
39886,2,80426,95998,3.208,4.800,15.398
39926,2,80373,95905,3.208,4.800,15.398
39966,2,80291,95735,3.208,4.800,15.398
40006,2,80364,95821,3.168,4.800,15.206
40046,2,80320,95811,3.168,4.800,15.206
40086,2,80401,95939,3.200,5.200,16.640
40126,2,80358,95912,3.200,5.200,16.640
40166,2,80308,95812,3.200,5.200,16.640
40206,2,80345,95836,3.176,4.500,14.292
40246,2,80336,95862,3.176,4.500,14.292
40286,2,80326,95853,3.204,7.000,22.428
40326,2,80200,95487,3.204,7.000,22.428
40366,2,80029,95035,3.204,7.000,22.428
40406,2,79926,94848,3.212,5.200,16.702
40446,2,79909,94786,3.212,5.200,16.702
40486,2,79945,94826,3.204,5.000,16.020
40526,2,79969,94833,3.204,5.000,16.020
40566,2,79940,94822,3.204,5.000,16.020
40606,2,79908,94780,3.212,5.300,17.024
40646,2,79875,94719,3.212,5.300,17.024
40686,2,79881,94742,3.200,4.600,14.720
40726,2,79926,94840,3.200,4.600,14.720
40766,2,79939,94954,3.200,4.600,14.720
40806,2,79975,95010,3.212,5.100,16.381
40846,2,79976,95008,3.212,5.100,16.381
40887,2,80003,95086,3.200,5.000,16.000
40926,2,79990,95060,3.200,5.000,16.000
40966,2,80000,95138,3.200,5.000,16.000
41006,2,79958,94984,3.216,6.200,19.939
41047,2,79804,94530,3.216,6.200,19.939
41086,2,79675,94168,3.184,5.000,15.920
41126,2,79630,94165,3.184,5.000,15.920
41166,2,79697,94257,3.184,5.000,15.920
41207,2,79696,94292,3.212,7.100,22.805
41247,2,79735,94414,3.212,7.100,22.805
41286,2,79665,94347,3.188,4.900,15.621
41327,2,79623,94282,3.188,4.900,15.621
41367,2,79651,94290,3.188,4.900,15.621
41407,2,79687,94292,3.204,4.200,13.457
41447,2,79671,94332,3.204,4.200,13.457
41486,2,79712,94457,3.180,4.900,15.582
41527,2,79745,94535,3.180,4.900,15.582
41567,2,79744,94530,3.180,4.900,15.582
41607,2,79770,94598,3.204,4.600,14.738
41647,2,79750,94622,3.204,4.600,14.738
41687,2,79839,94767,3.180,5.300,16.854
41727,2,79759,94541,3.180,5.300,16.854
41767,2,79604,94100,3.180,5.300,16.854
41807,2,79493,93869,3.196,4.400,14.062
41847,2,79513,93858,3.196,4.400,14.062
41887,2,79498,93834,3.184,7.000,22.288
41927,2,79540,93941,3.184,7.000,22.288
41967,2,79531,93995,3.184,7.000,22.288
42007,2,79543,93986,3.220,5.300,17.066
42047,2,79485,93879,3.220,5.300,17.066
42087,2,79491,93900,3.208,4.800,15.398
42127,2,79469,93898,3.208,4.800,15.398
42167,2,79519,93997,3.208,4.800,15.398
42207,2,79577,94077,3.212,4.800,15.418
42247,2,79629,94143,3.212,4.800,15.418
42287,2,79617,94191,3.204,5.000,16.020
42327,2,79665,94264,3.204,5.000,16.020
42367,2,79673,94347,3.204,5.000,16.020
42407,2,79686,94403,3.220,5.400,17.388
42447,2,79680,94362,3.220,5.400,17.388
42487,2,79602,94104,3.196,5.000,15.980
42527,2,79461,93704,3.196,5.000,15.980
42567,2,79414,93570,3.196,5.000,15.980
42607,2,79450,93628,3.216,4.900,15.758
42647,2,79482,93764,3.216,4.900,15.758
42687,2,79552,93887,3.184,5.100,16.238
42727,2,79569,93967,3.184,5.100,16.238
42767,2,79569,93953,3.184,5.100,16.238
42807,2,79534,93862,3.208,4.100,13.153
42847,2,79502,93832,3.208,4.100,13.153
42887,2,79528,93938,3.212,5.000,16.060
42927,2,79546,93948,3.212,5.000,16.060
42967,2,79565,93999,3.212,5.000,16.060
43007,2,79604,94074,3.208,4.400,14.115
43047,2,79661,94183,3.208,4.400,14.115
43087,2,79652,94188,3.184,6.100,19.422
43127,2,79711,94314,3.184,6.100,19.422
43167,2,79729,94333,3.184,6.100,19.422
43208,2,79649,94101,3.188,4.600,14.665
43247,2,79429,93575,3.188,4.600,14.665
43287,2,79361,93368,3.212,7.100,22.805
43327,2,79355,93361,3.212,7.100,22.805
43368,2,79440,93465,3.212,7.100,22.805
43407,2,79464,93577,3.220,4.800,15.456
43447,2,79525,93730,3.220,4.800,15.456
43488,2,79548,93751,3.212,6.700,21.520
43528,2,79587,93793,3.212,6.700,21.520
43568,2,79601,93842,3.212,6.700,21.520
43608,2,79702,94038,3.220,4.900,15.778
43648,2,79738,94225,3.220,4.900,15.778
43687,2,79853,94456,3.208,4.900,15.719
43728,2,79849,94570,3.208,4.900,15.719
43768,2,79979,94789,3.208,4.900,15.719
43808,2,80049,94933,3.220,6.600,21.252
43848,2,80039,94981,3.220,6.600,21.252
43888,2,80120,95190,3.188,4.900,15.621
43928,2,80163,95253,3.188,4.900,15.621
43968,2,79850,94373,3.188,4.900,15.621
44008,2,79680,93895,3.216,4.900,15.758
44048,2,79708,93862,3.216,4.900,15.758
44088,2,79743,93967,3.188,5.100,16.259
44128,2,79798,94101,3.188,5.100,16.259
44168,2,79809,94136,3.188,5.100,16.259
44208,2,79839,94228,3.208,4.300,13.794
44248,2,79890,94262,3.208,4.300,13.794
44288,2,79833,94151,3.184,5.400,17.194
44328,2,79836,94150,3.184,5.400,17.194
44368,2,79898,94292,3.184,5.400,17.194
44408,2,79912,94424,3.192,4.500,14.364
44448,2,79953,94528,3.192,4.500,14.364
44488,2,80032,94668,3.188,6.900,21.997
44528,2,80028,94683,3.188,6.900,21.997
44569,2,80113,94839,3.216,6.700,21.547
44608,2,80124,94847,3.216,6.700,21.547
44648,2,80084,94872,3.216,6.700,21.547
44688,2,80093,94934,3.188,7.300,23.272
44728,2,79970,94437,3.188,7.300,23.272
44768,2,79751,93841,3.188,7.300,23.272
44808,2,79704,93746,3.224,5.300,17.087
44848,2,79772,93832,3.224,5.300,17.087
44888,2,79784,93876,3.208,5.000,16.040
44928,2,79789,93950,3.208,5.000,16.040
44968,2,79827,94022,3.208,5.000,16.040
45008,2,79812,93977,3.220,7.000,22.540
45048,2,79847,94024,3.220,7.000,22.540
45088,2,79823,93985,3.192,5.000,15.960
45128,2,79830,94092,3.192,5.000,15.960
45168,2,79948,94311,3.192,5.000,15.960
45208,2,79976,94393,3.212,4.500,14.454
45248,2,79989,94441,3.212,4.500,14.454
45288,2,80025,94613,3.212,5.100,16.381
45328,2,80013,94615,3.212,5.100,16.381
45368,2,80134,94773,3.212,5.100,16.381
45408,2,80129,94849,3.208,4.600,14.757
45448,2,80138,94908,3.208,4.600,14.757
45488,2,80204,95010,3.212,5.400,17.345
45528,2,80009,94499,3.212,5.400,17.345
45568,2,79802,93851,3.212,5.400,17.345
45608,2,79773,93758,3.196,4.200,13.423
45648,2,79797,93801,3.196,4.200,13.423
45688,2,79845,93979,3.216,6.900,22.190
45728,2,79894,94092,3.216,6.900,22.190
45769,2,79902,94104,3.216,6.900,22.190
45808,2,79875,94103,3.188,4.900,15.621
45848,2,79935,94146,3.188,4.900,15.621
45889,2,79916,94154,3.216,7.200,23.155
45929,2,80022,94370,3.216,7.200,23.155
45968,2,80027,94497,3.216,7.200,23.155
46009,2,80094,94703,3.220,5.000,16.100
46049,2,80210,94905,3.220,5.000,16.100
46089,2,80194,95023,3.212,7.100,22.805
46129,2,80219,95052,3.212,7.100,22.805
46169,2,80322,95206,3.212,7.100,22.805
46209,2,80317,95297,3.220,4.700,15.134
46249,2,80333,95325,3.220,4.700,15.134
46289,2,80377,95443,3.188,7.400,23.591
46329,2,80284,95139,3.188,7.400,23.591
46369,2,79987,94240,3.188,7.400,23.591
46409,2,79904,94008,3.212,4.700,15.096
46449,2,79935,94086,3.212,4.700,15.096
46489,2,80001,94303,3.188,5.100,16.259
46529,2,80105,94503,3.188,5.100,16.259
46569,2,80108,94578,3.188,5.100,16.259
46609,2,80076,94555,3.212,4.400,14.133
46649,2,80092,94459,3.212,4.400,14.133
46689,2,80019,94351,3.188,5.400,17.215
46729,2,80116,94528,3.188,5.400,17.215
46769,2,80137,94695,3.188,5.400,17.215
46809,2,80207,94862,3.200,4.600,14.720
46849,2,80288,95053,3.200,4.600,14.720
46889,2,80295,95146,3.212,5.000,16.060
46929,2,80258,95128,3.212,5.000,16.060
46969,2,80377,95317,3.212,5.000,16.060
47009,2,80406,95373,3.216,4.700,15.115
47049,2,80379,95368,3.216,4.700,15.115
47084,2,79875,94103,3.212,4.700,15.096
47089,2,80435,95502,3.212,4.700,15.096
47129,2,80334,95136,3.212,4.700,15.096
47169,2,80041,94367,3.212,4.700,15.096
47209,2,79996,94241,3.224,5.200,16.765
47249,2,80024,94365,3.224,5.200,16.765
47289,2,80156,94654,3.208,5.000,16.040
47329,2,80258,94945,3.208,5.000,16.040
47369,2,80298,95128,3.208,5.000,16.040
47409,2,80243,94993,3.224,6.600,21.278
47449,2,80205,94817,3.224,6.600,21.278
47489,2,80180,94790,3.192,4.800,15.322
47529,2,80300,95013,3.192,4.800,15.322
47569,2,80323,95201,3.192,4.800,15.322
47609,2,80416,95430,3.212,4.400,14.133
47649,2,80509,95659,3.212,4.400,14.133
47689,2,80523,95704,3.212,5.300,17.024
47729,2,80508,95738,3.212,5.300,17.024
47769,2,80597,95868,3.212,5.300,17.024
47809,2,80632,95952,3.208,4.400,14.115
47849,2,80594,95910,3.208,4.400,14.115
47889,2,80349,95151,3.216,6.200,19.939
47929,2,80182,94535,3.216,6.200,19.939
47969,2,80097,94411,3.216,6.200,19.939
48009,2,80179,94635,3.188,4.500,14.346
48049,2,80271,94924,3.188,4.500,14.346
48089,2,80363,95184,3.212,6.600,21.199
48129,2,80399,95281,3.212,6.600,21.199
48169,2,80351,95153,3.212,6.600,21.199
48209,2,80263,94939,3.220,5.000,16.100
48249,2,80277,94952,3.220,5.000,16.100
48290,2,80365,95137,3.212,7.200,23.126
48330,2,80472,95398,3.212,7.200,23.126
48369,2,80495,95554,3.212,7.200,23.126
48410,2,80556,95721,3.224,5.400,17.410
48450,2,80576,95741,3.224,5.400,17.410
48489,2,80572,95829,3.200,4.800,15.360
48530,2,80649,95937,3.200,4.800,15.360
48570,2,80636,95988,3.200,4.800,15.360
48610,2,80565,95828,3.220,4.900,15.778
48650,2,80304,94992,3.220,4.900,15.778
48690,2,80114,94448,3.192,4.800,15.322
48729,2,80176,94551,3.192,4.800,15.322
48770,2,80242,94798,3.192,4.800,15.322
48810,2,80314,95039,3.216,4.900,15.758
48850,2,80389,95179,3.216,4.900,15.758
48890,2,80359,95137,3.188,5.000,15.940
48930,2,80334,95036,3.188,5.000,15.940
48970,2,80286,94918,3.188,5.000,15.940
49010,2,80292,94988,3.208,4.600,14.757
49050,2,80392,95220,3.208,4.600,14.757
49090,2,80444,95396,3.184,6.300,20.059
49130,2,80573,95683,3.184,6.300,20.059
49170,2,80569,95762,3.184,6.300,20.059
49210,2,80612,95869,3.188,4.400,14.027
50228,2,80674,95972,3.224,4.600,14.830
50229,2,80685,96040,3.224,4.600,14.830
50229,2,80732,96144,3.224,4.600,14.830
50230,2,80704,96073,3.224,4.600,14.830
50231,2,80393,95170,3.224,4.600,14.830
50235,2,80227,94622,3.224,4.600,14.830
50238,2,80218,94630,3.224,4.600,14.830
50242,2,80313,94880,3.224,4.600,14.830
50245,2,80390,95121,3.224,4.600,14.830
50249,2,80465,95312,3.224,4.600,14.830
50252,2,80496,95385,3.224,4.600,14.830
50256,2,80439,95287,3.224,4.600,14.830
50259,2,80433,95215,3.224,4.600,14.830
50263,2,80457,95300,3.224,4.600,14.830
50266,2,80509,95477,3.224,4.600,14.830
50269,2,80604,95715,3.224,4.600,14.830
50273,2,80646,95929,3.224,4.600,14.830
50276,2,80692,96043,3.224,4.600,14.830
50280,2,80734,96109,3.224,4.600,14.830
50283,2,80744,96169,3.224,4.600,14.830
50287,2,80778,96281,3.224,4.600,14.830
50290,2,80833,96387,3.224,4.600,14.830
50294,2,80864,96458,3.224,4.600,14.830
50297,2,80599,95688,3.224,4.600,14.830
50301,2,80336,94926,3.224,4.600,14.830
50304,2,80342,94860,3.224,4.600,14.830
50308,2,80442,95114,3.224,4.600,14.830
50330,2,80477,95358,3.216,4.800,15.437
50370,2,80518,95518,3.216,4.800,15.437
50410,2,80634,95773,3.216,4.800,15.437
50451,2,80622,95700,3.212,4.900,15.739
50490,2,80528,95522,3.212,4.900,15.739
50530,2,80624,95680,3.216,4.600,14.794
50571,2,80638,95803,3.216,4.600,14.794
50611,2,80673,95904,3.216,4.600,14.794
50650,2,80739,96081,3.216,4.800,15.437
50690,2,80754,96199,3.216,4.800,15.437
50730,2,80839,96369,3.212,4.800,15.418
50770,2,80809,96377,3.212,4.800,15.418
50810,2,80889,96507,3.212,4.800,15.418
50851,2,80908,96582,3.216,4.900,15.758
50890,2,80940,96659,3.216,4.900,15.758
50931,2,80908,96585,3.216,4.900,15.758
50971,2,80541,95507,3.216,4.900,15.758
51011,2,80385,95057,3.216,4.900,15.758
51051,2,80434,95125,3.216,5.000,16.080
51091,2,80547,95473,3.216,5.000,16.080
51131,2,80648,95825,3.216,4.900,15.758
51171,2,80728,96063,3.216,4.900,15.758
51211,2,80747,96094,3.216,4.900,15.758
51251,2,80647,95880,3.220,4.900,15.778
51291,2,80635,95810,3.220,4.900,15.778
51331,2,80659,95881,3.220,4.900,15.778
51371,2,80710,96039,3.220,4.900,15.778
51411,2,80769,96242,3.220,4.900,15.778
51451,2,80802,96270,3.216,4.900,15.758
51491,2,80694,96134,3.216,4.900,15.758
51531,2,80768,96263,3.216,4.900,15.758
51571,2,80843,96436,3.216,4.900,15.758
51611,2,80889,96628,3.216,4.900,15.758
51651,2,80970,96808,3.216,4.600,14.794
51691,2,81006,96809,3.216,4.600,14.794
51731,2,80626,95750,3.216,4.800,15.437
51771,2,80468,95324,3.216,4.800,15.437
51811,2,80479,95399,3.216,4.800,15.437
51851,2,80715,95941,3.216,5.000,16.080
51891,2,80830,96378,3.216,5.000,16.080
51931,2,81017,96773,3.216,4.900,15.758
51971,2,80949,96688,3.216,4.900,15.758
52011,2,80908,96419,3.216,4.900,15.758
52051,2,80834,96206,3.216,4.800,15.437
52091,2,80886,96301,3.216,4.800,15.437
52131,2,80845,96355,3.216,5.000,16.080
52171,2,80889,96499,3.216,5.000,16.080
52211,2,80921,96574,3.216,5.000,16.080
52251,2,80931,96673,3.216,4.900,15.758
52291,2,80967,96729,3.216,4.900,15.758
52331,2,81053,96865,3.220,4.800,15.456
52371,2,81089,96961,3.220,4.800,15.456
52411,2,80899,96384,3.220,4.800,15.456
52451,2,80641,95627,3.216,4.900,15.758
52491,2,80551,95440,3.216,4.900,15.758
52531,2,80639,95697,3.216,5.100,16.402
52571,2,80786,96128,3.216,5.100,16.402
52611,2,80853,96359,3.216,5.100,16.402
52651,2,80886,96464,3.216,5.000,16.080
52691,2,80784,96207,3.216,5.000,16.080
52731,2,80755,95995,3.216,4.800,15.437
52771,2,80730,95972,3.216,4.800,15.437
52811,2,80831,96208,3.216,4.800,15.437
52852,2,80899,96460,3.216,4.900,15.758
52891,2,80927,96626,3.216,4.900,15.758
52932,2,80930,96715,3.216,5.000,16.080
52951,2,81006,96809,3.216,5.000,16.080
52971,2,80898,96725,3.216,5.000,16.080
53012,2,80960,96718,3.216,5.000,16.080
53051,2,80878,96624,3.236,3.100,10.032
53091,2,80747,96188,3.236,3.100,10.032
53132,2,80410,95332,3.236,3.600,11.650
53171,2,80319,95020,3.236,3.600,11.650
53211,2,80371,95126,3.236,3.600,11.650
53252,2,80445,95346,3.236,3.500,11.326
53292,2,80547,95641,3.236,3.500,11.326
53331,2,80573,95741,3.232,3.300,10.666
53372,2,80584,95745,3.232,3.300,10.666
53412,2,80496,95549,3.232,3.300,10.666
53452,2,80485,95489,3.236,3.500,11.326
53492,2,80463,95516,3.236,3.500,11.326
53532,2,80620,95823,3.236,3.600,11.650
53572,2,80645,95966,3.236,3.600,11.650
53612,2,80731,96187,3.236,3.600,11.650
53652,2,80761,96315,3.232,3.200,10.342
53692,2,80770,96336,3.232,3.200,10.342
53732,2,80820,96454,3.236,3.700,11.973
53772,2,80822,96422,3.236,3.700,11.973
53812,2,80544,95694,3.236,3.700,11.973
53852,2,80346,95002,3.236,3.400,11.002
53892,2,80265,94887,3.236,3.400,11.002
53932,2,80370,95116,3.236,3.100,10.032
53972,2,80453,95354,3.236,3.100,10.032
54012,2,80498,95521,3.236,3.100,10.032
54052,2,80538,95617,3.236,3.500,11.326
54092,2,80494,95538,3.236,3.500,11.326
54132,2,80469,95421,3.232,3.600,11.635
54172,2,80491,95444,3.232,3.600,11.635
54212,2,80469,95549,3.232,3.600,11.635
54252,2,80550,95711,3.236,3.400,11.002
54292,2,80537,95814,3.236,3.400,11.002
54293,2,80878,96624,3.236,3.400,11.002
54332,2,80612,95945,3.236,3.500,11.326
54372,2,80641,95995,3.236,3.500,11.326
54412,2,80632,96072,3.236,3.500,11.326
54452,2,80666,96114,3.236,3.700,11.973
54492,2,80664,96043,3.236,3.700,11.973
54532,2,80300,95097,3.236,3.200,10.355
54572,2,80180,94703,3.236,3.200,10.355
54612,2,80141,94627,3.236,3.200,10.355
54652,2,80150,94754,3.236,3.600,11.650
54692,2,80230,94917,3.236,3.600,11.650
54732,2,80234,95072,3.236,3.500,11.326
54772,2,80241,95083,3.236,3.500,11.326
54812,2,80208,94928,3.236,3.500,11.326
54852,2,80156,94867,3.236,3.300,10.679
54892,2,80216,94914,3.236,3.300,10.679
54932,2,80281,95107,3.236,3.700,11.973
54972,2,80298,95222,3.236,3.700,11.973
55012,2,80320,95306,3.236,3.700,11.973
55052,2,80362,95440,3.236,3.100,10.032
55092,2,80376,95518,3.236,3.100,10.032
55132,2,80338,95507,3.240,3.400,11.016
55172,2,80379,95558,3.240,3.400,11.016
55212,2,80392,95576,3.240,3.400,11.016
55252,2,80159,94874,3.236,3.600,11.650
55292,2,80010,94478,3.236,3.600,11.650
55332,2,79976,94418,3.236,3.500,11.326
55372,2,80072,94598,3.236,3.500,11.326
55412,2,80128,94794,3.236,3.500,11.326
55452,2,80169,94971,3.236,3.400,11.002
55492,2,80174,94991,3.236,3.400,11.002
55533,2,80128,94802,3.236,3.400,11.002
55573,2,80085,94770,3.236,3.400,11.002
55613,2,80094,94802,3.236,3.400,11.002
55652,2,80127,94899,3.240,3.300,10.692
55692,2,80191,95053,3.240,3.300,10.692
55733,2,80211,95172,3.236,3.100,10.032
55772,2,80216,95198,3.236,3.100,10.032
55812,2,80239,95256,3.236,3.100,10.032
55853,2,80295,95396,3.236,3.600,11.650
55893,2,80288,95460,3.236,3.600,11.650
55932,2,80352,95553,3.236,3.300,10.679
55973,2,80126,94858,3.236,3.300,10.679
56013,2,79961,94462,3.236,3.300,10.679
56053,2,79968,94450,3.236,3.400,11.002
56093,2,80000,94606,3.236,3.400,11.002
56133,2,80048,94794,3.236,3.400,11.002
56173,2,80140,95034,3.236,3.400,11.002
56213,2,80140,95059,3.236,3.400,11.002
56253,2,80087,94866,3.236,3.200,10.355
56293,2,80028,94759,3.236,3.200,10.355
56333,2,80091,94890,3.240,3.400,11.016
56373,2,80168,95089,3.240,3.400,11.016
56413,2,80208,95221,3.240,3.400,11.016
56453,2,80251,95383,3.240,3.400,11.016
56493,2,80289,95476,3.240,3.400,11.016
56533,2,80275,95499,3.236,3.600,11.650
56573,2,80289,95563,3.236,3.600,11.650
56613,2,80304,95584,3.236,3.600,11.650
56653,2,80076,94907,3.240,3.400,11.016
56693,2,79945,94453,3.240,3.400,11.016
56733,2,79908,94422,3.236,3.400,11.002
56773,2,80031,94684,3.236,3.400,11.002
56813,2,80158,94980,3.236,3.400,11.002
56853,2,80210,95237,3.236,3.500,11.326
56854,2,80094,94802,3.236,3.500,11.326
56893,2,80274,95348,3.236,3.500,11.326
56933,2,80155,95106,3.236,3.200,10.355
56973,2,80159,94978,3.236,3.200,10.355
57013,2,80107,94985,3.236,3.200,10.355
57053,2,80196,95202,3.236,3.200,10.355
57093,2,80322,95387,3.236,3.200,10.355
57133,2,80313,95497,3.236,3.600,11.650
57173,2,80357,95637,3.236,3.600,11.650
57213,2,80447,95822,3.236,3.600,11.650
57253,2,80515,95939,3.236,3.600,11.650
57293,2,80386,95704,3.236,3.600,11.650
57333,2,80154,94909,3.236,3.400,11.002
57373,2,80050,94600,3.236,3.400,11.002
57413,2,80009,94612,3.236,3.400,11.002
57453,2,80088,94850,3.236,3.400,11.002
57493,2,80257,95192,3.236,3.400,11.002
57533,2,80271,95327,3.236,3.400,11.002
57573,2,80215,95236,3.236,3.400,11.002
57613,2,80242,95092,3.236,3.400,11.002
57653,2,80199,95038,3.236,3.300,10.679
57693,2,80238,95123,3.236,3.300,10.679
57733,2,80331,95377,3.240,3.500,11.340
57773,2,80418,95613,3.240,3.500,11.340
57813,2,80392,95649,3.240,3.500,11.340
57853,2,80430,95759,3.236,3.600,11.650
57893,2,80511,95905,3.236,3.600,11.650
57933,2,80556,96014,3.236,3.400,11.002
57973,2,80302,95355,3.236,3.400,11.002
58013,2,79999,94537,3.236,3.400,11.002
58053,2,79965,94421,3.236,3.300,10.679
58094,2,80061,94599,3.236,3.300,10.679
58133,2,80072,94720,3.236,3.400,11.002
58173,2,80133,94927,3.236,3.400,11.002
58214,2,80226,95117,3.236,3.400,11.002
58253,2,80204,95016,3.236,3.400,11.002
58275,2,80107,94985,3.236,3.400,11.002
58293,2,80113,94820,3.236,3.400,11.002
58334,2,80120,94862,3.236,3.600,11.650
58373,2,80168,95008,3.236,3.600,11.650
58414,2,80260,95244,3.236,3.600,11.650
58453,2,80280,95366,3.236,3.300,10.679
58494,2,80375,95506,3.236,3.300,10.679
58533,2,80374,95582,3.236,3.400,11.002
58574,2,80461,95728,3.236,3.400,11.002
58614,2,80388,95686,3.236,3.400,11.002
58654,2,80205,95070,3.236,3.300,10.679
58694,2,79989,94481,3.236,3.300,10.679
58734,2,79995,94445,3.236,3.400,11.002
58774,2,80008,94513,3.236,3.400,11.002
58814,2,80116,94812,3.236,3.400,11.002
58854,2,80204,94983,3.236,3.400,11.002
58894,2,80178,95009,3.236,3.400,11.002
58934,2,80144,94909,3.236,3.300,10.679
58974,2,80081,94791,3.236,3.300,10.679
59014,2,80177,94947,3.236,3.300,10.679
59054,2,80171,94969,3.236,3.600,11.650
59094,2,80276,95241,3.236,3.600,11.650
59134,2,80265,95296,3.236,3.300,10.679
59174,2,80336,95482,3.236,3.300,10.679
59214,2,80293,95442,3.236,3.300,10.679
59254,2,80336,95580,3.236,3.300,10.679
59294,2,80321,95570,3.236,3.300,10.679
59334,2,80288,95335,3.240,3.400,11.016
59374,2,79964,94524,3.240,3.400,11.016
59414,2,79928,94344,3.240,3.400,11.016
59454,2,79927,94393,3.236,3.400,11.002
59494,2,80021,94590,3.236,3.400,11.002
59534,2,80068,94744,3.236,3.700,11.973
59556,2,80113,94820,3.236,3.700,11.973
59574,2,80153,94908,3.236,3.700,11.973
59614,2,80071,94790,3.236,3.700,11.973
59654,2,80080,94711,3.236,3.400,11.002
59694,2,80035,94668,3.236,3.400,11.002
59734,2,80046,94731,3.236,3.700,11.973
59774,2,80146,95010,3.236,3.700,11.973
59814,2,80153,95082,3.236,3.700,11.973
59854,2,80211,95230,3.236,3.400,11.002
59894,2,80182,95202,3.236,3.400,11.002
59934,2,80247,95344,3.236,3.500,11.326
59974,2,80215,95309,3.236,3.500,11.326
60014,2,80358,95528,3.236,3.500,11.326
60017,2,80008,94513,3.236,3.500,11.326
60054,2,80242,95494,3.236,3.400,11.002
60094,2,80104,94908,3.236,3.400,11.002
60134,2,79905,94346,3.236,3.600,11.650
60174,2,79952,94397,3.236,3.600,11.650
60214,2,79938,94482,3.236,3.600,11.650
60254,2,80059,94764,3.236,3.200,10.355