190,2,75218,79374,3.292,2.500,8.230
230,2,85551,95591,3.292,2.500,8.230
270,2,85633,95603,3.284,3.600,11.822
310,2,64254,60266,3.284,3.600,11.822
350,2,39750,35513,3.284,3.600,11.822
390,2,80217,86165,3.280,3.500,11.480
430,2,84597,94675,3.280,3.500,11.480
470,2,84617,94928,3.284,3.500,11.494
510,2,77104,76265,3.284,3.500,11.494
550,2,56270,47229,3.284,3.500,11.494
590,2,80146,85246,3.288,3.200,10.522
630,2,84442,94492,3.288,3.200,10.522
670,2,85663,96676,3.284,3.400,11.166
710,2,77966,81535,3.284,3.400,11.166
750,2,37264,29999,3.284,3.400,11.166
790,2,53908,51381,3.284,3.200,10.509
830,2,81100,87833,3.284,3.200,10.509
870,2,83147,91531,3.284,3.500,11.494
910,2,83126,91699,3.284,3.500,11.494
950,2,79296,80034,3.284,3.500,11.494
990,2,53695,49729,3.284,3.200,10.509
1030,2,75754,73775,3.284,3.200,10.509
1070,2,79082,83315,3.284,3.000,9.852
1110,2,82626,90614,3.284,3.000,9.852
1150,2,82496,90387,3.284,3.000,9.852
1190,2,77992,82987,3.284,3.200,10.509
1230,2,76561,81801,3.284,3.200,10.509
1270,2,76229,81867,3.284,3.100,10.180
1310,2,80486,88728,3.284,3.100,10.180
1350,2,83741,94301,3.284,3.100,10.180
1390,2,83769,94729,3.284,3.500,11.494
1430,2,82502,92707,3.284,3.500,11.494
1470,2,75439,69810,3.284,3.500,11.494
1510,2,67244,58741,3.284,3.500,11.494
1550,2,74706,79860,3.284,3.500,11.494
1590,2,80141,89907,3.284,3.500,11.494
1630,2,81082,91325,3.284,3.500,11.494
1670,2,79678,88170,3.284,3.100,10.180
1710,2,76821,76215,3.284,3.100,10.180
1750,2,77317,79775,3.284,3.100,10.180
1790,2,76956,80920,3.284,3.300,10.837
1830,2,78090,86197,3.284,3.300,10.837
1870,2,78291,86160,3.284,3.500,11.494
1910,2,72236,68652,3.284,3.500,11.494
1950,2,24729,18413,3.284,3.500,11.494
1990,2,43236,34215,3.284,3.100,10.180
2030,2,79715,83539,3.284,3.100,10.180
2070,2,81288,90665,3.284,3.400,11.166
2110,2,81670,91570,3.284,3.400,11.166
2150,2,80618,88221,3.284,3.400,11.166
2190,2,60309,52565,3.284,3.200,10.509
2230,2,73112,68614,3.284,3.200,10.509
2270,2,77897,85915,3.284,3.200,10.509
2310,2,78706,87496,3.284,3.200,10.509
2350,2,78925,87826,3.284,3.200,10.509
2390,2,78484,83901,3.284,3.000,9.852
2430,2,77863,73720,3.284,3.000,9.852
2470,2,77577,79170,3.284,3.300,10.837
2510,2,79764,86853,3.284,3.300,10.837
2550,2,82111,91337,3.284,3.300,10.837
2590,2,83023,93059,3.284,3.300,10.837
2630,2,82743,92754,3.284,3.300,10.837
2670,2,77093,79122,3.284,3.100,10.180
2710,2,58431,54968,3.284,3.100,10.180
2750,2,79634,84180,3.284,3.100,10.180
2790,2,82321,91391,3.284,3.500,11.494
2830,2,82954,93058,3.284,3.500,11.494
2870,2,82980,93284,3.284,3.000,9.852
2910,2,82248,92075,3.284,3.000,9.852
2950,2,68897,68694,3.284,3.000,9.852
2990,2,53716,49917,3.284,3.300,10.837
3030,2,77611,82503,3.284,3.300,10.837
3070,2,82755,91888,3.284,3.400,11.166
3110,2,83383,93407,3.284,3.400,11.166
3150,2,83377,93580,3.284,3.400,11.166
3190,2,78989,83482,3.284,3.300,10.837
3230,2,30718,28083,3.284,3.300,10.837
3270,2,50420,50028,3.284,3.100,10.180
3310,2,81514,89592,3.284,3.100,10.180
3350,2,82698,92264,3.284,3.100,10.180
3390,2,83052,92974,3.284,3.500,11.494
3430,2,80010,85889,3.284,3.500,11.494
3470,2,50681,44635,3.288,3.400,11.179
3510,2,77756,79050,3.288,3.400,11.179
3550,2,81962,91150,3.288,3.400,11.179
3590,2,82271,92251,3.284,3.100,10.180
3630,2,82158,91369,3.284,3.100,10.180
3670,2,81717,87642,3.288,3.200,10.522
3710,2,80014,78262,3.288,3.200,10.522
3750,2,79497,86531,3.288,3.200,10.522
3790,2,81928,90882,3.284,3.000,9.852
3830,2,81578,90525,3.284,3.000,9.852
3870,2,69457,66264,3.288,3.100,10.193
3910,2,42549,41237,3.288,3.100,10.193
3950,2,79424,84967,3.288,3.100,10.193
3990,2,82346,92073,3.284,3.300,10.837
4030,2,82043,91855,3.284,3.300,10.837
4070,2,57934,56530,3.284,3.300,10.837
4110,2,25086,23917,3.284,3.300,10.837
4150,2,73193,76245,3.284,3.300,10.837
4190,2,81406,89632,3.284,3.400,11.166
4230,2,81436,89394,3.284,3.400,11.166
4270,2,81041,80622,3.284,3.400,11.166
4310,2,86767,83914,3.284,3.400,11.166
4350,2,79982,76994,3.284,3.400,11.166
4390,2,64319,60878,3.284,3.100,10.180
4430,2,41143,31525,3.284,3.100,10.180
4470,2,47088,38968,3.284,3.300,10.837
4510,2,65540,62934,3.284,3.300,10.837
4550,2,73777,76983,3.284,3.300,10.837
4590,2,76859,79302,3.284,3.100,10.180
4630,2,61895,51274,3.284,3.100,10.180
4670,2,42009,32429,3.284,3.500,11.494
4710,2,69625,69291,3.284,3.500,11.494
4750,2,75588,77295,3.284,3.500,11.494
4790,2,71728,70592,3.284,3.000,9.852
4830,2,22443,22591,3.284,3.000,9.852
4870,2,33601,30780,3.284,3.100,10.180
4910,2,71745,74242,3.284,3.100,10.180
4950,2,76163,83117,3.284,3.100,10.180
4990,2,68782,69502,3.284,3.400,11.166
5030,2,65511,56564,3.284,3.400,11.166
5070,2,64750,61662,3.288,3.200,10.522
5110,2,71447,66417,3.288,3.200,10.522
5150,2,74788,70596,3.288,3.200,10.522
5190,2,71522,73873,3.288,3.000,9.864
5230,2,69195,69843,3.288,3.000,9.864
5270,2,67941,63129,3.284,3.100,10.180
5310,2,76452,72918,3.284,3.100,10.180
5350,2,46840,49901,3.284,3.100,10.180
5390,2,51502,46421,3.288,3.200,10.522
5430,2,65677,58440,3.288,3.200,10.522
5470,2,67063,67548,3.284,3.200,10.509
5510,2,67940,69531,3.284,3.200,10.509
5550,2,71835,67185,3.284,3.200,10.509
5590,2,69898,58469,3.288,3.200,10.522
5630,2,74748,69383,3.288,3.200,10.522
5670,2,75705,80437,3.288,3.200,10.522
5710,2,69485,68380,3.288,3.200,10.522
5750,2,55577,43695,3.288,3.200,10.522
5790,2,41554,30942,3.284,3.200,10.509
5830,2,29109,24111,3.284,3.200,10.509
5870,2,34875,30100,3.288,3.000,9.864
5910,2,42910,36589,3.288,3.000,9.864
5950,2,44073,37008,3.288,3.000,9.864
5990,2,42404,36370,3.284,3.600,11.822
6030,2,45077,39130,3.284,3.600,11.822
6070,2,45644,36333,3.288,2.900,9.535
6110,2,32226,21171,3.288,2.900,9.535
6150,2,19633,11639,3.288,2.900,9.535
6190,2,33300,22848,3.284,3.200,10.509
6230,2,56375,48258,3.284,3.200,10.509
6270,2,66095,61615,3.284,3.100,10.180
6310,2,71898,70681,3.284,3.100,10.180
6350,2,65601,57088,3.284,3.100,10.180
6390,2,39137,30166,3.284,2.900,9.524
6430,2,41874,34824,3.284,2.900,9.524
6470,2,65319,56994,3.288,3.100,10.193
6510,2,74878,74449,3.288,3.100,10.193
6550,2,73502,75986,3.288,3.100,10.193
6590,2,73852,72180,3.284,3.000,9.852
6630,2,43457,32573,3.284,3.000,9.852
6670,2,21708,16211,3.284,3.100,10.180
6710,2,34317,27458,3.284,3.100,10.180
6750,2,18701,13079,3.284,3.100,10.180
6790,2,18970,12648,3.284,2.800,9.195
6830,2,50519,37986,3.284,2.800,9.195
6870,2,64858,53551,3.288,3.400,11.179
6910,2,68910,62487,3.288,3.400,11.179
6950,2,74923,68778,3.288,3.400,11.179
6990,2,73080,71923,3.284,3.200,10.509
7030,2,73130,75622,3.284,3.200,10.509
7070,2,74163,76938,3.284,3.100,10.180
7110,2,67182,63506,3.284,3.100,10.180
7150,2,41342,29482,3.284,3.100,10.180
7190,2,26123,17064,3.288,3.100,10.193
7230,2,25901,17225,3.288,3.100,10.193
7270,2,27687,18561,3.288,3.200,10.522
7310,2,22808,15170,3.288,3.200,10.522
7350,2,15603,10117,3.288,3.200,10.522
7390,2,10346,6489,3.288,3.000,9.864
7430,2,5678,3332,3.288,3.000,9.864
7470,2,3287,1866,3.288,3.100,10.193
7510,2,2123,1230,3.288,3.100,10.193
7550,2,1706,991,3.288,3.100,10.193
7590,2,1845,1051,3.284,2.900,9.524
7630,2,2339,1366,3.284,2.900,9.524
7670,2,2333,1381,3.284,2.900,9.524
7710,2,1915,1131,3.284,2.900,9.524
7750,2,1526,944,3.284,2.900,9.524
7790,2,1494,932,3.284,3.200,10.509
7830,2,1477,936,3.284,3.200,10.509
7870,2,1436,980,3.288,3.100,10.193
7910,2,1433,998,3.288,3.100,10.193
7950,2,1408,1019,3.288,3.100,10.193
7990,2,1295,939,3.284,3.200,10.509
8030,2,1347,986,3.284,3.200,10.509
8070,2,1720,1177,3.288,3.000,9.864
8110,2,4314,3040,3.288,3.000,9.864
8150,2,12722,9199,3.288,3.000,9.864
8190,2,32093,23839,3.288,3.200,10.522
8230,2,49444,37477,3.288,3.200,10.522
8270,2,54622,41609,3.288,3.300,10.850
8310,2,39741,28092,3.288,3.300,10.850
8350,2,38195,27072,3.288,3.300,10.850
8390,2,55457,44721,3.284,3.100,10.180
8430,2,68162,66748,3.284,3.100,10.180
8470,2,76053,82214,3.284,3.400,11.166
8510,2,79120,87209,3.284,3.400,11.166
8550,2,79568,88085,3.284,3.400,11.166
8590,2,78721,86701,3.284,3.400,11.166
8630,2,65057,61124,3.284,3.400,11.166
8670,2,13736,9398,3.284,3.100,10.180
8710,2,5914,4050,3.284,3.100,10.180
8750,2,27866,21751,3.284,3.100,10.180
8790,2,76101,75062,3.284,3.500,11.494
8830,2,75963,80226,3.284,3.500,11.494
8870,2,55421,45024,3.284,3.100,10.180
8910,2,15214,9292,3.284,3.100,10.180
8950,2,19178,13986,3.284,3.100,10.180
8990,2,61475,59584,3.284,2.900,9.524
9030,2,75878,79817,3.284,2.900,9.524
9070,2,75501,78999,3.284,3.300,10.837
9110,2,76985,72873,3.284,3.300,10.837
9150,2,47642,36065,3.284,3.300,10.837
9190,2,47305,37574,3.284,2.900,9.524
9230,2,70979,60687,3.284,2.900,9.524
9270,2,69263,58222,3.284,3.500,11.494
9310,2,43191,33988,3.284,3.500,11.494
9350,2,38620,30025,3.284,3.500,11.494
9390,2,35798,28148,3.284,3.200,10.509
9430,2,30728,27244,3.284,3.200,10.509
9470,2,39064,35722,3.284,3.300,10.837
9510,2,36435,33208,3.284,3.300,10.837
9550,2,15421,15394,3.284,3.300,10.837
9590,2,8760,9175,3.284,3.200,10.509
9630,2,6389,6657,3.284,3.200,10.509
9670,2,9582,8669,3.284,3.300,10.837
9710,2,14724,11481,3.284,3.300,10.837
9750,2,11591,8224,3.284,3.300,10.837
9790,2,7203,4857,3.284,2.900,9.524
9830,2,6940,4282,3.284,2.900,9.524
9870,2,6726,4062,3.284,3.000,9.852
9910,2,7779,4635,3.284,3.000,9.852
9950,2,8386,5085,3.284,3.000,9.852
9990,2,13299,8499,3.284,3.000,9.852
10030,2,12134,7859,3.284,3.000,9.852
10070,2,10641,7255,3.284,3.300,10.837
10110,2,12509,8771,3.284,3.300,10.837
10150,2,6766,4567,3.284,3.300,10.837
10190,2,7997,5642,3.288,3.100,10.193
10230,2,9849,6384,3.288,3.100,10.193
10270,2,14733,9489,3.284,3.000,9.852
10310,2,27781,18685,3.284,3.000,9.852
10350,2,33088,21950,3.284,3.000,9.852
10390,2,36152,24683,3.284,2.900,9.524
10430,2,47547,36918,3.284,2.900,9.524
10470,2,55466,47300,3.284,3.300,10.837
10510,2,64185,60224,3.284,3.300,10.837
10550,2,74485,77944,3.284,3.300,10.837
10590,2,76778,81613,3.284,3.100,10.180
10630,2,77191,80977,3.284,3.100,10.180
10670,2,77715,74787,3.288,3.300,10.850
10710,2,62534,52848,3.288,3.300,10.850
10750,2,30446,26230,3.288,3.300,10.850
10790,2,16126,13464,3.284,3.200,10.509
10830,2,6839,5289,3.284,3.200,10.509
10870,2,5964,4834,3.284,3.000,9.852
10910,2,9841,8472,3.284,3.000,9.852
10950,2,20415,17954,3.284,3.000,9.852
10990,2,21460,19370,3.284,3.100,10.180
11030,2,39795,35856,3.284,3.100,10.180
11070,2,76305,72590,3.284,3.300,10.837
11110,2,76454,81904,3.284,3.300,10.837
11150,2,78399,85496,3.284,3.300,10.837
11190,2,76639,83260,3.284,3.500,11.494
11230,2,72772,78183,3.284,3.500,11.494
11270,2,65768,65724,3.284,3.100,10.180
11310,2,28518,24244,3.284,3.100,10.180
11350,2,19084,12200,3.284,3.100,10.180
11390,2,36398,26518,3.288,3.200,10.522
11430,2,26990,18216,3.288,3.200,10.522
11470,2,34753,25469,3.288,3.100,10.193
11510,2,22274,16527,3.288,3.100,10.193
11550,2,16406,11706,3.288,3.100,10.193
11590,2,13751,9368,3.288,2.900,9.535
11630,2,13365,8969,3.288,2.900,9.535
11670,2,17397,11901,3.284,3.200,10.509
11710,2,30059,21831,3.284,3.200,10.509
11750,2,53142,45581,3.284,3.200,10.509
11790,2,68677,66869,3.284,3.400,11.166
11830,2,72902,74806,3.284,3.400,11.166
11870,2,69881,70423,3.288,3.400,11.179
11910,2,72791,75409,3.288,3.400,11.179
11950,2,77049,82631,3.288,3.400,11.179
11990,2,79905,86989,3.288,3.300,10.850
12030,2,80813,89510,3.288,3.300,10.850
12070,2,81433,90777,3.288,3.600,11.837
12110,2,81739,91480,3.288,3.600,11.837
12150,2,81764,92369,3.288,3.600,11.837
12190,2,82283,93574,3.284,3.500,11.494
12230,2,82933,94859,3.284,3.500,11.494
12270,2,83522,95831,3.284,3.600,11.822
12310,2,84128,96766,3.284,3.600,11.822
12350,2,84370,97052,3.284,3.600,11.822
12390,2,84377,97170,3.284,3.600,11.822
12430,2,84484,97421,3.284,3.600,11.822
12470,2,84574,97548,3.280,3.700,12.136
12510,2,84627,97626,3.280,3.700,12.136
12550,2,84571,97578,3.280,3.700,12.136
12590,2,84427,97439,3.284,3.900,12.808
12630,2,84397,97389,3.284,3.900,12.808
12670,2,84368,97283,3.280,3.800,12.464
12710,2,84187,97007,3.280,3.800,12.464
12750,2,84056,96738,3.280,3.800,12.464
12790,2,83912,96521,3.280,4.200,13.776
12830,2,83595,96072,3.280,4.200,13.776
12870,2,82866,94877,3.284,3.900,12.808
12910,2,81192,91044,3.284,3.900,12.808
12950,2,62659,56785,3.284,3.900,12.808
12990,2,29568,21326,3.284,3.200,10.509
13030,2,27753,20164,3.284,3.200,10.509
13070,2,40648,31092,3.288,3.000,9.864
13110,2,55910,46854,3.288,3.000,9.864
13150,2,63805,53815,3.288,3.000,9.864
13190,2,55437,45865,3.288,3.400,11.179
13230,2,42822,33837,3.288,3.400,11.179
13270,2,69525,64590,3.288,3.500,11.508
13310,2,79807,86745,3.288,3.500,11.508
13350,2,80983,88722,3.288,3.500,11.508
13390,2,81381,90063,3.284,3.300,10.837
13430,2,81923,91590,3.284,3.300,10.837
13470,2,82437,93219,3.284,3.400,11.166
13510,2,83623,95348,3.284,3.400,11.166
13550,2,84594,97008,3.284,3.400,11.166
13590,2,84888,97736,3.280,3.800,12.464
13630,2,84980,98072,3.280,3.800,12.464
13670,2,84961,98167,3.284,3.600,11.822
13710,2,84754,97935,3.284,3.600,11.822
13750,2,84560,97678,3.284,3.600,11.822
13790,2,84389,97366,3.284,3.700,12.151
13830,2,84152,96989,3.284,3.700,12.151
13870,2,84049,96728,3.284,3.600,11.822
13910,2,83829,96167,3.284,3.600,11.822
13950,2,83158,94556,3.284,3.600,11.822
13990,2,82462,92867,3.284,3.800,12.479
14030,2,82286,91633,3.284,3.800,12.479
14070,2,65227,60545,3.284,3.200,10.509
14110,2,57641,49963,3.284,3.200,10.509
14150,2,76594,77217,3.284,3.200,10.509
14190,2,76286,82814,3.284,3.000,9.852
14230,2,78585,85982,3.284,3.000,9.852
14270,2,79382,87517,3.288,3.400,11.179
14310,2,79827,88316,3.288,3.400,11.179
14350,2,80338,89032,3.288,3.400,11.179
14390,2,80764,89667,3.284,3.700,12.151
14430,2,81342,90608,3.284,3.700,12.151
14470,2,81809,91830,3.284,3.600,11.822
14510,2,82297,93322,3.284,3.600,11.822
14550,2,82900,94661,3.284,3.600,11.822
14590,2,83326,95361,3.284,3.800,12.479
14630,2,83555,95740,3.284,3.800,12.479
14670,2,83687,95971,3.280,3.800,12.464
14710,2,83710,96138,3.280,3.800,12.464
14750,2,83755,96240,3.280,3.800,12.464
14790,2,83788,96358,3.280,4.000,13.120
14830,2,83816,96410,3.280,4.000,13.120
14870,2,83847,96464,3.284,3.700,12.151
14910,2,83821,96432,3.284,3.700,12.151
14950,2,83718,96350,3.284,3.700,12.151
14990,2,83463,95923,3.280,4.100,13.448
15030,2,83021,95058,3.280,4.100,13.448
15070,2,82800,94273,3.284,3.700,12.151
15110,2,82753,94032,3.284,3.700,12.151
15150,2,82461,93891,3.284,3.700,12.151
15190,2,82167,93875,3.284,3.200,10.509
15230,2,75915,84595,3.284,3.200,10.509
15270,2,22149,14549,3.284,3.200,10.509
15310,2,9518,4799,3.284,3.200,10.509
15350,2,27818,18347,3.284,3.200,10.509
15390,2,57820,52654,3.284,3.300,10.837
15430,2,77719,83474,3.284,3.300,10.837
15470,2,81284,88029,3.284,3.400,11.166
15510,2,81560,88298,3.284,3.400,11.166
15550,2,81563,88260,3.284,3.400,11.166
15590,2,81219,87766,3.284,3.500,11.494
15630,2,79860,85869,3.284,3.500,11.494
15670,2,77470,82533,3.284,3.600,11.822
15710,2,75430,79382,3.284,3.600,11.822
15750,2,75257,78903,3.284,3.600,11.822
15790,2,75743,79257,3.284,3.400,11.166
15830,2,76282,79359,3.284,3.400,11.166
15870,2,78663,82271,3.284,3.500,11.494
15910,2,79584,83344,3.284,3.500,11.494
15950,2,80301,84425,3.284,3.500,11.494
15968,2,83710,96138,3.284,3.700,12.151
15990,2,80763,85525,3.284,3.700,12.151
16030,2,80800,85820,3.284,3.700,12.151
16070,2,80678,85618,3.284,3.300,10.837
16110,2,80494,85349,3.284,3.300,10.837
16150,2,79698,83881,3.284,3.300,10.837
16190,2,78747,82357,3.284,3.400,11.166
16230,2,76979,79526,3.284,3.400,11.166
16270,2,73297,75004,3.288,3.000,9.864
16310,2,70401,71949,3.288,3.000,9.864
16350,2,70914,72266,3.288,3.000,9.864
16390,2,72742,73997,3.284,3.200,10.509
16430,2,73477,74319,3.284,3.200,10.509
16470,2,75971,75819,3.284,3.100,10.180
16510,2,75075,75250,3.284,3.100,10.180
16550,2,76432,77524,3.284,3.100,10.180
16590,2,74527,76998,3.288,2.900,9.535
16630,2,72234,74799,3.288,2.900,9.535
16670,2,71874,74330,3.288,3.100,10.193
16710,2,76735,75802,3.288,3.100,10.193
16750,2,76565,76071,3.288,3.100,10.193
16790,2,71524,73359,3.284,3.200,10.509
16830,2,71972,73693,3.284,3.200,10.509
16870,2,72502,74312,3.284,3.300,10.837
16910,2,76561,79803,3.284,3.300,10.837
16950,2,78220,81439,3.284,3.300,10.837
16990,2,77553,80311,3.288,3.300,10.850
17030,2,78567,81779,3.288,3.300,10.850
17070,2,76359,78644,3.284,3.300,10.837
17110,2,68627,65321,3.284,3.300,10.837
17150,2,65719,60757,3.284,3.300,10.837
17190,2,61224,54599,3.284,3.300,10.837
17230,2,57989,48334,3.284,3.300,10.837
17270,2,67270,56478,3.284,3.000,9.852
17310,2,73937,68342,3.284,3.000,9.852
17350,2,71552,71987,3.284,3.000,9.852
17390,2,71873,72512,3.284,3.000,9.852
17431,2,71863,72634,3.284,3.000,9.852
17470,2,72224,73254,3.284,3.200,10.509
17510,2,70688,69314,3.284,3.200,10.509
17550,2,68904,65103,3.284,3.200,10.509
17590,2,72382,73392,3.284,3.100,10.180
17630,2,74182,76876,3.284,3.100,10.180
17671,2,76618,80728,3.284,3.500,11.494
17711,2,80006,86335,3.284,3.500,11.494
17751,2,80857,88061,3.284,3.500,11.494
17790,2,80921,88142,3.284,3.300,10.837
17830,2,79531,85488,3.284,3.300,10.837
17870,2,68803,60628,3.284,3.200,10.509
17910,2,66451,53057,3.284,3.200,10.509
17950,2,73809,63057,3.284,3.200,10.509
17991,2,72921,62679,3.288,3.100,10.193
18031,2,73391,65198,3.288,3.100,10.193
18071,2,80164,70603,3.288,3.100,10.193
18111,2,76691,78229,3.288,3.100,10.193
18151,2,74284,76369,3.288,3.100,10.193
18190,2,70087,68966,3.284,3.400,11.166
18230,2,64879,58975,3.284,3.400,11.166
18271,2,49524,37614,3.284,3.100,10.180
18311,2,22796,14104,3.284,3.100,10.180
18351,2,7107,3882,3.284,3.100,10.180
18391,2,4678,2604,3.284,2.900,9.524
18431,2,9398,5653,3.284,2.900,9.524
18470,2,11559,7327,3.284,3.400,11.166
18510,2,17407,11436,3.284,3.400,11.166
18550,2,16368,10789,3.284,3.400,11.166
18591,2,18753,12809,3.284,2.800,9.195
18631,2,24711,18351,3.284,2.800,9.195
18671,2,29316,24686,3.284,3.000,9.852
18711,2,27677,24881,3.284,3.000,9.852
18751,2,49966,43302,3.284,3.000,9.852
18790,2,59991,45878,3.288,3.200,10.522
18830,2,35143,24463,3.288,3.200,10.522
18871,2,35845,25700,3.288,3.000,9.864
18911,2,70087,64112,3.288,3.000,9.864
18951,2,71254,67877,3.288,3.000,9.864
18991,2,69636,64381,3.284,3.300,10.837
19031,2,71701,61536,3.284,3.300,10.837
19071,2,68019,54903,3.284,3.100,10.180
19111,2,51717,39229,3.284,3.100,10.180
19151,2,68287,57255,3.284,3.100,10.180
19191,2,73670,63444,3.284,3.100,10.180
19231,2,52882,40166,3.284,3.100,10.180
19271,2,47326,35762,3.284,3.000,9.852
19311,2,43708,31908,3.284,3.000,9.852
19351,2,39101,28226,3.284,3.000,9.852
19391,2,50875,38473,3.288,3.000,9.864
19431,2,62515,49156,3.288,3.000,9.864
19471,2,37627,27124,3.288,3.100,10.193
19511,2,15204,10851,3.288,3.100,10.193
19551,2,10662,8609,3.288,3.100,10.193
19591,2,9213,7775,3.288,3.400,11.179
19631,2,13515,9203,3.288,3.400,11.179
19671,2,38490,28342,3.284,3.500,11.494
19711,2,37718,27504,3.284,3.500,11.494
19751,2,29046,18958,3.284,3.500,11.494
19791,2,17087,10099,3.284,3.400,11.166
19831,2,10098,6000,3.284,3.400,11.166
19871,2,15552,9647,3.288,3.000,9.864
19911,2,19852,12386,3.288,3.000,9.864
19951,2,41485,29026,3.288,3.000,9.864
19991,2,63174,52469,3.284,3.300,10.837
20031,2,69317,59473,3.284,3.300,10.837
20071,2,64854,59074,3.284,3.300,10.837
20111,2,74298,68744,3.284,3.300,10.837
20151,2,57933,54926,3.284,3.300,10.837
20191,2,68042,58073,3.284,3.400,11.166
20231,2,73205,70895,3.284,3.400,11.166
20271,2,73875,70033,3.284,3.400,11.166
20311,2,62127,49639,3.284,3.400,11.166
20351,2,38010,30943,3.284,3.400,11.166
20391,2,32740,26484,3.284,3.000,9.852
20431,2,32212,25773,3.284,3.000,9.852
20471,2,41954,36525,3.284,3.100,10.180
20511,2,55844,49234,3.284,3.100,10.180
20551,2,68953,60692,3.284,3.100,10.180
20591,2,60663,52700,3.284,3.000,9.852
20631,2,52032,47392,3.284,3.000,9.852
20671,2,47076,45214,3.284,3.500,11.494
20711,2,34095,33612,3.284,3.500,11.494
20751,2,38898,38340,3.284,3.500,11.494
20791,2,26044,27204,3.284,3.300,10.837
20831,2,18096,17968,3.284,3.300,10.837
20871,2,14360,13507,3.280,3.200,10.496
20911,2,10429,9637,3.280,3.200,10.496
20951,2,9498,8164,3.280,3.200,10.496
20991,2,10660,9345,3.284,3.300,10.837
21031,2,9331,8262,3.284,3.300,10.837
21071,2,10683,10063,3.284,2.900,9.524
21111,2,15836,15624,3.284,2.900,9.524
21151,2,30193,25006,3.284,2.900,9.524
21191,2,42294,32249,3.284,3.100,10.180
21231,2,67883,65066,3.284,3.100,10.180
21271,2,71709,72553,3.284,3.500,11.494
21311,2,72196,72822,3.284,3.500,11.494
21351,2,71909,72321,3.284,3.500,11.494
21391,2,71257,71659,3.284,3.100,10.180
21431,2,71384,71801,3.284,3.100,10.180
21471,2,70139,69716,3.284,3.300,10.837
21511,2,76690,71803,3.284,3.300,10.837
21551,2,66709,56873,3.284,3.300,10.837
21591,2,50354,43506,3.288,3.000,9.864
21631,2,49132,41617,3.288,3.000,9.864
21671,2,61062,49853,3.284,3.100,10.180
21711,2,72811,70454,3.284,3.100,10.180
21751,2,72717,73553,3.284,3.100,10.180
21791,2,72822,73696,3.284,3.400,11.166
21831,2,71181,69670,3.284,3.400,11.166
21871,2,72741,66477,3.284,3.300,10.837
21911,2,73259,65334,3.284,3.300,10.837
21951,2,66750,57582,3.284,3.300,10.837
21991,2,67931,65224,3.272,3.000,9.816
22031,2,72605,73275,3.272,3.000,9.816
22071,2,71977,72512,3.284,3.300,10.837
22111,2,69047,67963,3.284,3.300,10.837
22151,2,68825,67287,3.284,3.300,10.837
22191,2,70147,70467,3.284,3.300,10.837
22231,2,59673,48606,3.284,3.300,10.837
22271,2,68793,57348,3.284,3.300,10.837
22311,2,49843,38152,3.284,3.300,10.837
22351,2,34192,26269,3.284,3.300,10.837
22391,2,46001,33989,3.276,3.200,10.483
22431,2,59470,49414,3.276,3.200,10.483
22471,2,73685,70475,3.276,3.200,10.483
22511,2,74069,67274,3.276,3.200,10.483
22551,2,24655,22978,3.276,3.200,10.483
22591,2,20646,17721,3.280,3.300,10.824
22631,2,30606,22725,3.280,3.300,10.824
22671,2,29261,21400,3.284,3.200,10.509
22711,2,28350,19282,3.284,3.200,10.509
22751,2,17259,10456,3.284,3.200,10.509
22791,2,24405,15410,3.284,3.300,10.837
22831,2,44711,31614,3.284,3.300,10.837
22871,2,21680,16488,3.288,3.500,11.508
22911,2,20962,15689,3.288,3.500,11.508
22951,2,42929,32112,3.288,3.500,11.508
22991,2,66211,53639,3.276,3.300,10.811
23031,2,71357,68231,3.276,3.300,10.811
23071,2,73367,75426,3.272,3.100,10.143
23111,2,72859,74572,3.272,3.100,10.143
23151,2,75043,72457,3.272,3.100,10.143
23191,2,70487,57872,3.284,2.900,9.524
23231,2,76800,69327,3.284,2.900,9.524
23271,2,72221,71523,3.284,3.400,11.166
23311,2,72557,72883,3.284,3.400,11.166
23351,2,73882,72180,3.284,3.400,11.166
23391,2,52589,43935,3.284,5.300,17.405
23431,2,60441,58267,3.284,5.300,17.405
23471,2,70541,71099,3.272,3.400,11.125
23511,2,73599,72000,3.272,3.400,11.125
23551,2,76684,72517,3.272,3.400,11.125
23591,2,61251,48070,3.272,3.100,10.143
23631,2,26128,17941,3.272,3.100,10.143
23671,2,32767,23573,3.276,3.200,10.483
23711,2,49426,37282,3.276,3.200,10.483
23751,2,61528,49159,3.276,3.200,10.483
23791,2,60353,47298,3.284,3.300,10.837
23831,2,64872,54039,3.284,3.300,10.837
23871,2,69812,61873,3.284,3.200,10.509
23911,2,72889,62591,3.284,3.200,10.509
23951,2,64190,53283,3.284,3.200,10.509
23991,2,54949,44615,3.288,4.600,15.125
24031,2,38975,29976,3.288,4.600,15.125
24071,2,25633,17793,3.276,3.200,10.483
24111,2,23532,16386,3.276,3.200,10.483
24151,2,22223,15142,3.276,3.200,10.483
24191,2,27232,18474,3.272,3.300,10.798
24231,2,35751,25152,3.272,3.300,10.798
24271,2,31442,22034,3.284,3.000,9.852
24311,2,25858,17667,3.284,3.000,9.852
24351,2,24905,16945,3.284,3.000,9.852
24391,2,15900,10180,3.284,5.100,16.748
24431,2,7922,4633,3.284,5.100,16.748
24472,2,5994,3177,3.284,5.500,18.062
24512,2,3335,1606,3.284,5.500,18.062
24552,2,2578,1387,3.284,5.500,18.062
24591,2,4795,2803,3.284,3.700,12.151
24631,2,7939,4737,3.284,3.700,12.151
24671,2,8167,4834,3.272,3.200,10.470
24711,2,4936,2706,3.272,3.200,10.470
24751,2,2929,1515,3.272,3.200,10.470
24792,2,2086,1076,3.272,3.300,10.798
24832,2,1839,953,3.272,3.300,10.798
24871,2,5454,3089,3.284,5.400,17.734
24911,2,31235,21407,3.284,5.400,17.734
24951,2,67868,59102,3.284,5.400,17.734
24991,2,70776,68781,3.284,5.000,16.420
25031,2,71956,62921,3.284,5.000,16.420
25072,2,71198,71228,3.284,4.900,16.092
25112,2,72291,73050,3.284,4.900,16.092
25152,2,71515,71920,3.284,4.900,16.092
25191,2,71698,72360,3.272,3.400,11.125
25231,2,70487,69675,3.272,3.400,11.125
25272,2,71127,70883,3.276,3.100,10.156
25312,2,71358,71490,3.276,3.100,10.156
25352,2,70482,69775,3.276,3.100,10.156
25392,2,68076,66648,3.280,3.400,11.152
25432,2,61911,58090,3.280,3.400,11.152
25471,2,52836,45548,3.284,5.400,17.734
25511,2,47771,38485,3.284,5.400,17.734
25551,2,49130,40418,3.284,5.400,17.734
25592,2,52444,44681,3.276,5.100,16.708
25632,2,49383,39517,3.276,5.100,16.708
25672,2,50422,40746,3.276,3.400,11.138
25712,2,65766,62545,3.276,3.400,11.138
25752,2,70024,68590,3.276,3.400,11.138
25791,2,69386,67181,3.268,3.500,11.438
25831,2,68655,64796,3.268,3.500,11.438
25872,2,69853,66330,3.276,3.400,11.138
25912,2,70328,67418,3.276,3.400,11.138
25952,2,69702,65616,3.276,3.400,11.138
25992,2,67968,61037,3.284,3.200,10.509
26032,2,67389,59559,3.284,3.200,10.509
26071,2,67830,59871,3.284,5.200,17.077
26111,2,70372,67104,3.284,5.200,17.077
26151,2,71922,71437,3.284,5.200,17.077
26192,2,73062,74105,3.272,3.800,12.434
26232,2,73785,75133,3.272,3.800,12.434
26272,2,73588,74827,3.268,3.200,10.458
26312,2,71774,72315,3.268,3.200,10.458
26352,2,71017,71287,3.268,3.200,10.458
26392,2,74698,71860,3.272,3.200,10.470
26432,2,77869,66518,3.272,3.200,10.470
26472,2,72240,61146,3.284,5.300,17.405
26512,2,66817,56442,3.284,5.300,17.405
26552,2,65185,55160,3.284,5.300,17.405
26591,2,68443,57939,3.268,5.400,17.647
26631,2,66447,56128,3.268,5.400,17.647
26672,2,64066,53995,3.272,3.900,12.761
26712,2,63947,54364,3.272,3.900,12.761
26752,2,66899,57400,3.272,3.900,12.761
26792,2,77530,68081,3.276,3.500,11.466
26832,2,69284,68405,3.276,3.500,11.466
26871,2,71409,72221,3.272,3.300,10.798
26911,2,73725,75967,3.272,3.300,10.798
26951,2,75285,78872,3.272,3.300,10.798
26992,2,75023,78265,3.284,3.500,11.494
27032,2,73831,76081,3.284,3.500,11.494
27072,2,72832,73192,3.284,5.500,18.062
27112,2,64260,55315,3.284,5.500,18.062
27152,2,47279,38721,3.284,5.500,18.062
27192,2,70634,66872,3.272,4.700,15.378
27232,2,76785,78442,3.272,4.700,15.378
27272,2,77924,80231,3.276,3.300,10.811
27312,2,78823,81602,3.276,3.300,10.811
27352,2,78667,81198,3.276,3.300,10.811
27391,2,74647,76855,3.272,3.100,10.143
27431,2,73263,68690,3.272,3.100,10.143
27472,2,71565,73007,3.280,3.300,10.824
27512,2,74614,77697,3.280,3.300,10.824
27552,2,76606,81117,3.280,3.300,10.824
27592,2,76894,81284,3.268,5.500,17.974
27632,2,74488,78306,3.268,5.500,17.974
27671,2,67146,57901,3.272,5.100,16.687
27711,2,62503,54065,3.272,5.100,16.687
27751,2,69574,73897,3.272,5.100,16.687
27792,2,74335,82060,3.268,3.700,12.092
27832,2,76903,86826,3.268,3.700,12.092
27872,2,77673,88053,3.272,3.400,11.125
27912,2,77598,86762,3.272,3.400,11.125
27952,2,75056,81746,3.272,3.400,11.125
27992,2,70249,65766,3.280,5.700,18.696
28032,2,57446,57957,3.280,5.700,18.696
28072,2,64050,67411,3.272,5.500,17.996
28112,2,68248,73973,3.272,5.500,17.996
28152,2,70477,77026,3.272,5.500,17.996
28192,2,67964,73509,3.272,5.300,17.342
28231,2,70081,71055,3.272,5.300,17.342
28272,2,71436,71968,3.272,3.100,10.143
28312,2,66203,65429,3.272,3.100,10.143
28352,2,71376,75737,3.272,3.100,10.143
28392,2,74740,82306,3.272,3.200,10.470
28432,2,76951,86484,3.272,3.200,10.470
28471,2,77412,87282,3.276,3.600,11.794
28511,2,75081,81815,3.276,3.600,11.794
28551,2,34032,26827,3.276,3.600,11.794
28592,2,20093,13587,3.284,5.200,17.077
28632,2,50709,46166,3.284,5.200,17.077
28672,2,68109,71383,3.272,5.600,18.323
28712,2,68225,70630,3.272,5.600,18.323
28752,2,58414,53870,3.272,5.600,18.323
28792,2,46139,34273,3.272,3.600,11.779
28832,2,30705,24173,3.272,3.600,11.779
28872,2,70295,72122,3.272,3.500,11.452
28912,2,76061,80228,3.272,3.500,11.452
28952,2,76153,80319,3.272,3.500,11.452
28992,2,73755,73629,3.276,5.300,17.363
29031,2,57424,46153,3.276,5.300,17.363
29072,2,47127,37997,3.280,5.300,17.384
29112,2,70973,69228,3.280,5.300,17.384
29152,2,72702,76443,3.280,5.300,17.384
29192,2,72948,76543,3.284,5.100,16.748
29232,2,72619,72036,3.284,5.100,16.748
29271,2,75308,67058,3.272,3.700,12.106
29311,2,73588,69498,3.272,3.700,12.106
29351,2,67001,69197,3.272,3.700,12.106
29392,2,69419,71956,3.272,3.200,10.470
29432,2,71541,74522,3.272,3.200,10.470
29472,2,74963,80064,3.272,3.700,12.106
29512,2,78387,85313,3.272,3.700,12.106
29552,2,80694,89187,3.272,3.700,12.106
29592,2,81816,91786,3.284,5.700,18.719
29632,2,82114,93289,3.284,5.700,18.719
29672,2,82167,93415,3.268,5.700,18.628
29712,2,81822,92691,3.268,5.700,18.628
29752,2,80549,90500,3.268,5.700,18.628
29792,2,77521,85333,3.268,4.100,13.399
29832,2,76351,82698,3.268,4.100,13.399
29872,2,76220,82003,3.276,3.200,10.483
29912,2,74122,79126,3.276,3.200,10.483
29952,2,67737,71192,3.276,3.200,10.483
29992,2,66879,68685,3.272,3.200,10.470
30032,2,72752,71223,3.272,3.200,10.470
30071,2,77522,73721,3.284,5.200,17.077
30111,2,77009,73273,3.284,5.200,17.077
30151,2,75788,72445,3.284,5.200,17.077
30192,2,77440,73681,3.280,5.000,16.400
30232,2,74612,73030,3.280,5.000,16.400
30272,2,71094,71644,3.272,4.800,15.706
30312,2,71184,71546,3.272,4.800,15.706
30352,2,70283,70183,3.272,4.800,15.706
30392,2,70922,71810,3.272,3.200,10.470
30432,2,72710,73921,3.272,3.200,10.470
30472,2,73631,76016,3.276,3.300,10.811
30512,2,72039,75945,3.276,3.300,10.811
30552,2,69999,75285,3.276,3.300,10.811
30592,2,68361,75867,3.280,5.200,17.056
30632,2,68494,76072,3.280,5.200,17.056
30672,2,68882,76453,3.284,5.300,17.405
30712,2,67405,74591,3.284,5.300,17.405
30752,2,64356,67000,3.284,5.300,17.405
30792,2,60982,59184,3.272,5.100,16.687
30832,2,58929,55732,3.272,5.100,16.687
30872,2,57885,52817,3.272,3.400,11.125
30912,2,63070,63168,3.272,3.400,11.125
30952,2,61496,64802,3.272,3.400,11.125
30992,2,30207,23394,3.268,3.400,11.111
31032,2,9504,3453,3.268,3.400,11.111
31072,2,4172,1514,3.268,5.400,17.647
31112,2,2733,1216,3.268,5.400,17.647
31152,2,3350,1313,3.268,5.400,17.647
31192,2,6583,2211,3.280,5.300,17.384
31232,2,15033,7278,3.280,5.300,17.384
31272,2,21111,11901,3.284,5.400,17.734
31312,2,21737,12376,3.284,5.400,17.734
31352,2,31446,21261,3.284,5.400,17.734
31392,2,36296,26082,3.264,4.700,15.341
31432,2,42462,32605,3.264,4.700,15.341
31472,2,51299,41755,3.268,3.400,11.111
31512,2,67802,61187,3.268,3.400,11.111
31552,2,69921,66210,3.268,3.400,11.111
31592,2,67349,63513,3.268,3.500,11.438
31632,2,68886,60926,3.268,3.500,11.438
31672,2,68259,63586,3.280,5.500,18.040
31712,2,66716,66377,3.280,5.500,18.040
31752,2,67748,67868,3.280,5.500,18.040
31792,2,68187,67881,3.268,5.200,16.994
31832,2,68935,68220,3.268,5.200,16.994
31872,2,68792,68051,3.268,5.400,17.647
31912,2,73649,69711,3.268,5.400,17.647
31952,2,68290,67843,3.268,5.400,17.647
31992,2,68393,67963,3.272,3.500,11.452
32032,2,69398,68899,3.272,3.500,11.452
32072,2,68061,67815,3.272,3.300,10.798
32112,2,52749,49128,3.272,3.300,10.798
32152,2,25079,26428,3.272,3.300,10.798
32192,2,49215,50553,3.284,5.500,18.062
32232,2,67178,67252,3.284,5.500,18.062
32272,2,66734,66402,3.272,5.300,17.342
32312,2,71013,68555,3.272,5.300,17.342
32352,2,53086,52358,3.272,5.300,17.342
32392,2,59255,56231,3.268,5.000,16.340
32432,2,71850,69634,3.268,5.000,16.340
32472,2,69329,68538,3.272,3.400,11.125
32512,2,70349,69532,3.272,3.400,11.125
32552,2,70430,69627,3.272,3.400,11.125
32592,2,69865,69016,3.272,3.200,10.470
32632,2,69809,65866,3.272,3.200,10.470
32672,2,57033,46795,3.272,5.300,17.342
32712,2,47425,38290,3.272,5.300,17.342
32752,2,58194,50104,3.272,5.300,17.342
32792,2,68718,66473,3.272,5.100,16.687
32832,2,68686,67659,3.272,5.100,16.687
32872,2,67541,66882,3.268,5.100,16.667
32912,2,67415,67089,3.268,5.100,16.667
32952,2,71122,68321,3.268,5.100,16.667
32992,2,68190,57577,3.272,4.200,13.742
33032,2,51529,41441,3.272,4.200,13.742
33072,2,49686,39276,3.272,3.300,10.798
33112,2,51845,40830,3.272,3.300,10.798
33152,2,41358,31569,3.272,3.300,10.798
33192,2,45082,35327,3.272,5.400,17.669
33232,2,61776,51450,3.272,5.400,17.669
33272,2,57541,47331,3.276,5.300,17.363
33312,2,49240,38807,3.276,5.300,17.363
33352,2,54295,43804,3.276,5.300,17.363
33392,2,63007,53326,3.268,5.100,16.667
33432,2,66417,58696,3.268,5.100,16.667
33472,2,69114,64655,3.268,5.200,16.994
33512,2,69209,68553,3.268,5.200,16.994
33552,2,74315,67760,3.268,5.200,16.994
33592,2,67435,57553,3.272,5.300,17.342
33632,2,60360,49954,3.272,5.300,17.342
33672,2,62737,53161,3.272,5.300,17.342
33712,2,70935,62352,3.272,5.300,17.342
33752,2,71519,63118,3.272,5.300,17.342
33792,2,65342,55979,3.280,5.200,17.056
33832,2,57069,47036,3.280,5.200,17.056
33872,2,49086,38952,3.272,5.300,17.342
33912,2,45272,34871,3.272,5.300,17.342
33952,2,51175,40596,3.272,5.300,17.342
33992,2,62873,53551,3.272,5.200,17.014
34032,2,66162,57675,3.272,5.200,17.014
34072,2,62428,52826,3.272,3.500,11.452
34112,2,52611,41837,3.272,3.500,11.452
34152,2,48475,37237,3.272,3.500,11.452
34192,2,53015,42004,3.272,5.700,18.650
34232,2,59650,48988,3.272,5.700,18.650
34272,2,58297,47720,3.284,5.200,17.077
34312,2,58769,48140,3.284,5.200,17.077
34352,2,66162,56126,3.284,5.200,17.077
34392,2,65805,61467,3.272,5.000,16.360
34432,2,65830,60978,3.272,5.000,16.360
34472,2,66239,60939,3.268,5.500,17.974
34512,2,68267,64130,3.268,5.500,17.974
34552,2,67605,62929,3.268,5.500,17.974
34592,2,66056,60059,3.268,4.200,13.726
34632,2,66995,61614,3.268,4.200,13.726
34672,2,69429,66893,3.272,5.800,18.978
34712,2,68020,64066,3.272,5.800,18.978
34752,2,67152,62273,3.272,5.800,18.978
34792,2,69137,66348,3.272,5.700,18.650
34832,2,70548,69610,3.272,5.700,18.650
34872,2,67480,63464,3.276,5.100,16.708
34912,2,48181,48580,3.276,5.100,16.708
34952,2,62243,64389,3.276,5.100,16.708
34992,2,62422,65455,3.268,5.200,16.994
35032,2,63245,64326,3.268,5.200,16.994
35072,2,66041,64766,3.268,4.700,15.360
35112,2,64389,59653,3.268,4.700,15.360
35152,2,69568,63892,3.268,4.700,15.360
35192,2,67231,67631,3.272,5.400,17.669
35232,2,67680,68349,3.272,5.400,17.669
35272,2,67473,68412,3.284,5.300,17.405
35312,2,53908,42474,3.284,5.300,17.405
35352,2,30231,20545,3.284,5.300,17.405
35392,2,55463,49088,3.276,5.300,17.363
35432,2,67767,71184,3.276,5.300,17.363
35472,2,66571,69002,3.268,5.100,16.667
35512,2,41630,30948,3.268,5.100,16.667
35552,2,12042,8789,3.268,5.100,16.667
35592,2,9595,7568,3.268,5.100,16.667
35632,2,29931,24384,3.268,5.100,16.667
35672,2,68035,66350,3.272,3.400,11.125
35712,2,67363,67444,3.272,3.400,11.125
35752,2,71880,68774,3.272,3.400,11.125
35792,2,73319,64327,3.276,5.400,17.690
35832,2,70119,58500,3.276,5.400,17.690
35872,2,65638,53151,3.284,5.300,17.405
35912,2,53969,41437,3.284,5.300,17.405
35952,2,50436,38410,3.284,5.300,17.405
35992,2,56390,43321,3.272,5.100,16.687
36032,2,64116,52247,3.272,5.100,16.687
36072,2,69438,67892,3.272,5.500,17.996
36112,2,68318,68162,3.272,5.500,17.996
36152,2,65988,54904,3.272,5.500,17.996
36192,2,40047,29349,3.268,3.800,12.418
36232,2,26424,17581,3.268,3.800,12.418
36272,2,26754,18439,3.272,5.400,17.669
36312,2,42357,35223,3.272,5.400,17.669
36352,2,49157,42291,3.272,5.400,17.669
36392,2,40504,30886,3.284,5.400,17.734
36432,2,26885,17929,3.284,5.400,17.734
36472,2,22378,14078,3.272,5.100,16.687
36512,2,27502,17656,3.272,5.100,16.687
36552,2,36541,25298,3.272,5.100,16.687
36592,2,46026,35005,3.272,5.300,17.342
36632,2,48977,38565,3.272,5.300,17.342
36672,2,46184,35289,3.272,5.000,16.360
36712,2,45992,35395,3.272,5.000,16.360
36752,2,51796,42926,3.272,5.000,16.360
36792,2,62104,58485,3.272,5.400,17.669
36832,2,66924,66065,3.272,5.400,17.669
36872,2,66248,65210,3.284,5.700,18.719
36912,2,68540,69379,3.284,5.700,18.719
36952,2,69412,71174,3.284,5.700,18.719
36992,2,69948,72002,3.280,5.500,18.040
37032,2,71930,74311,3.280,5.500,18.040
37072,2,72838,75828,3.268,5.700,18.628
37112,2,73518,77173,3.268,5.700,18.628
37152,2,74490,79021,3.268,5.700,18.628
37192,2,74876,79687,3.268,3.300,10.784
37232,2,74297,78407,3.268,3.300,10.784
37272,2,73722,77114,3.268,4.900,16.013
37312,2,73531,76733,3.268,4.900,16.013
37352,2,73447,76532,3.268,4.900,16.013
37392,2,73457,76611,3.272,5.800,18.978
37432,2,74083,77903,3.272,5.800,18.978
37472,2,74698,79246,3.280,5.900,19.352
37512,2,75335,80751,3.280,5.900,19.352
37552,2,76346,82755,3.280,5.900,19.352
37592,2,77860,86114,3.272,5.500,17.996
37632,2,79664,89943,3.272,5.500,17.996
37672,2,80604,91881,3.268,4.000,13.072
37712,2,80892,92429,3.268,4.000,13.072
37752,2,80697,91971,3.268,4.000,13.072
37792,2,79984,90348,3.268,3.700,12.092
37832,2,79071,87506,3.268,3.700,12.092
37872,2,78511,84154,3.284,5.400,17.734
37912,2,77575,80016,3.284,5.400,17.734
37952,2,76943,77807,3.284,5.400,17.734
37992,2,76180,76720,3.280,5.700,18.696
38032,2,75879,75880,3.280,5.700,18.696
38072,2,75380,75318,3.280,5.700,18.696
38112,2,75522,75803,3.280,5.700,18.696
38152,2,77097,78664,3.280,5.700,18.696
38192,2,81232,86956,3.268,3.400,11.111
38232,2,83001,91623,3.268,3.400,11.111
38272,2,83730,93400,3.268,3.800,12.418
38313,2,84096,94409,3.268,3.800,12.418
38352,2,84262,94985,3.268,3.800,12.418
38392,2,84276,95176,3.280,6.200,20.336
38432,2,84213,95047,3.280,6.200,20.336
38472,2,84206,94953,3.276,5.900,19.328
38512,2,84245,95148,3.276,5.900,19.328
38552,2,84472,95623,3.276,5.900,19.328
38593,2,84597,95891,3.280,6.800,22.304
38632,2,84582,95963,3.280,6.800,22.304
38673,2,84573,95952,3.268,6.200,20.262
38713,2,84327,95538,3.268,6.200,20.262
38753,2,83910,94572,3.268,6.200,20.262
38792,2,83455,93496,3.264,3.400,11.098
38832,2,83267,93119,3.264,3.400,11.098
38872,2,81625,90077,3.284,4.600,15.106
38912,2,79687,76727,3.284,4.600,15.106
38952,2,36381,33712,3.284,4.600,15.106
38993,2,21844,21024,3.284,5.100,16.748
39033,2,58713,52333,3.284,5.100,16.748
39072,2,78291,76867,3.284,5.700,18.719
39112,2,73999,77237,3.284,5.700,18.719
39152,2,73431,76217,3.284,5.700,18.719
39193,2,73743,73458,3.276,5.300,17.363
39233,2,77136,70416,3.276,5.300,17.363
39273,2,77086,69034,3.272,3.100,10.143
39313,2,76264,66718,3.272,3.100,10.143
39353,2,74728,63909,3.272,3.100,10.143
39392,2,73181,66879,3.284,3.100,10.180
39432,2,68190,65666,3.284,3.100,10.180
39473,2,70209,63686,3.288,5.200,17.098
39513,2,63766,50267,3.288,5.200,17.098
39553,2,49130,38120,3.288,5.200,17.098
39593,2,41000,31010,3.284,5.100,16.748
39633,2,42853,32714,3.284,5.100,16.748
39672,2,47989,36765,3.284,5.300,17.405
39712,2,35631,25644,3.284,5.300,17.405
39752,2,29070,19856,3.284,5.300,17.405
39793,2,31582,22121,3.272,3.300,10.798
39833,2,19841,15557,3.272,3.300,10.798
39873,2,25573,20613,3.284,3.300,10.837
39913,2,57107,45744,3.284,3.300,10.837
39953,2,69181,60345,3.284,3.300,10.837
39993,2,57853,44580,3.284,3.600,11.822
40033,2,38101,26284,3.284,3.600,11.822
40073,2,51516,39251,3.280,5.300,17.384
40113,2,44421,32342,3.280,5.300,17.384
40153,2,19920,14613,3.280,5.300,17.384
40193,2,26522,18740,3.280,5.300,17.384
40233,2,31317,21507,3.280,5.300,17.384
40273,2,24721,16838,3.276,2.900,9.500
40313,2,22466,15027,3.276,2.900,9.500
40353,2,29713,21161,3.276,2.900,9.500
40393,2,31252,25650,3.272,3.100,10.143
40433,2,14072,13369,3.272,3.100,10.143
40473,2,15278,13282,3.284,3.200,10.509
40513,2,21008,17117,3.284,3.200,10.509
40553,2,19357,14920,3.284,3.200,10.509
40593,2,11196,8258,3.288,4.900,16.111
40633,2,12065,9663,3.288,4.900,16.111
40673,2,9513,8247,3.284,5.500,18.062
40713,2,10612,8701,3.284,5.500,18.062
40753,2,12117,9347,3.284,5.500,18.062
40793,2,16744,12815,3.284,2.900,9.524
40833,2,21880,16452,3.284,2.900,9.524
40873,2,11781,8528,3.276,3.200,10.483
40913,2,19725,14307,3.276,3.200,10.483
40953,2,29327,20886,3.276,3.200,10.483
40993,2,22229,17224,3.276,3.000,9.828
41033,2,36748,31054,3.276,3.000,9.828
41073,2,30017,22231,3.284,2.900,9.524
41113,2,6928,4262,3.284,2.900,9.524
41153,2,7032,3589,3.284,2.900,9.524
41193,2,9366,4577,3.288,5.000,16.440
41233,2,13488,8068,3.288,5.000,16.440
41273,2,35806,24552,3.284,3.100,10.180
41313,2,37587,25396,3.284,3.100,10.180
41353,2,29184,18970,3.284,3.100,10.180
41393,2,20275,12820,3.288,2.900,9.535
41433,2,17858,11364,3.288,2.900,9.535
41473,2,40473,29090,3.276,3.200,10.483
41513,2,26049,16977,3.276,3.200,10.483
41553,2,9328,4963,3.276,3.200,10.483
41593,2,16379,9441,3.284,3.200,10.509
41633,2,26940,17157,3.284,3.200,10.509
41673,2,39726,28466,3.288,3.100,10.193
41713,2,50631,40340,3.288,3.100,10.193
41753,2,58306,48256,3.288,3.100,10.193
41793,2,45432,33111,3.288,4.800,15.782
41833,2,21952,14171,3.288,4.800,15.782
41873,2,31435,21973,3.292,3.100,10.205
41913,2,54154,42010,3.292,3.100,10.205
41953,2,70025,63500,3.292,3.100,10.205
41993,2,68260,69315,3.288,3.200,10.522
42033,2,68109,69249,3.288,3.200,10.522
42073,2,69176,70357,3.288,3.100,10.193
42113,2,70496,72418,3.288,3.100,10.193
42153,2,72196,75407,3.288,3.100,10.193
42193,2,76085,82657,3.288,3.400,11.179
42233,2,78509,87140,3.288,3.400,11.179
42273,2,79390,89007,3.284,3.100,10.180
42313,2,79738,89809,3.284,3.100,10.180
42353,2,79791,89889,3.284,3.100,10.180
42393,2,79541,89242,3.284,5.400,17.734
42433,2,78099,85633,3.284,5.400,17.734
42473,2,76825,82965,3.284,3.400,11.166
42513,2,75088,79834,3.284,3.400,11.166
42553,2,72592,76674,3.284,3.400,11.166
42593,2,72090,75663,3.288,3.000,9.864
42633,2,71611,73427,3.288,3.000,9.864
42673,2,68912,58854,3.288,3.400,11.179
42713,2,63830,50917,3.288,3.400,11.179
42753,2,62746,48958,3.288,3.400,11.179
42793,2,67442,55387,3.288,3.300,10.850
42833,2,67402,57271,3.288,3.300,10.850
42873,2,67467,55718,3.288,3.000,9.864
42913,2,61893,48667,3.288,3.000,9.864
42953,2,52227,38624,3.288,3.000,9.864
42993,2,45279,32070,3.284,3.000,9.852
43033,2,53605,41000,3.284,3.000,9.852
43073,2,57133,48926,3.288,3.200,10.522
43113,2,67072,66129,3.288,3.200,10.522
43153,2,70043,69836,3.288,3.200,10.522
43193,2,68602,66325,3.292,3.000,9.876
43233,2,60211,46277,3.292,3.000,9.876
43273,2,46365,32538,3.288,3.100,10.193
43313,2,35988,23646,3.288,3.100,10.193
43353,2,34895,22829,3.288,3.100,10.193
43393,2,40078,27296,3.288,3.100,10.193
43433,2,57572,46445,3.288,3.100,10.193
43473,2,78170,71196,3.284,3.100,10.180
43513,2,81587,76090,3.284,3.100,10.180
43553,2,71883,65602,3.284,3.100,10.180
43593,2,74246,65403,3.288,3.000,9.864
43633,2,69876,57995,3.288,3.000,9.864
43673,2,62184,48958,3.288,3.300,10.850
43713,2,59386,46253,3.288,3.300,10.850
43753,2,57303,45108,3.288,3.300,10.850
43793,2,52696,43379,3.288,3.200,10.522
43833,2,53025,45447,3.288,3.200,10.522
43873,2,50088,42998,3.284,3.100,10.180
43913,2,54677,46780,3.284,3.100,10.180
43953,2,67445,57978,3.284,3.100,10.180
43993,2,73610,63002,3.284,2.900,9.524
44033,2,75575,65096,3.284,2.900,9.524
44073,2,74211,62449,3.284,2.900,9.524
44113,2,66675,52962,3.284,2.900,9.524
44153,2,54819,42133,3.284,2.900,9.524
44193,2,49236,37980,3.288,3.100,10.193
44233,2,48471,37710,3.288,3.100,10.193
44273,2,45908,35413,3.288,3.100,10.193
44313,2,48746,37524,3.288,3.100,10.193
44353,2,50969,39677,3.288,3.100,10.193
44393,2,56423,45446,3.284,3.000,9.852
44433,2,53766,42083,3.284,3.000,9.852
44474,2,49278,38329,3.288,3.000,9.864
44514,2,48701,38950,3.288,3.000,9.864
44554,2,48615,38344,3.288,3.000,9.864
44593,2,48162,37866,3.288,3.000,9.864
44633,2,43357,34062,3.288,3.000,9.864
44673,2,37684,29239,3.284,3.000,9.852
44713,2,35999,27872,3.284,3.000,9.852
44753,2,44944,36423,3.284,3.000,9.852
44793,2,48931,39118,3.284,3.100,10.180
44834,2,51805,41020,3.284,3.100,10.180
44873,2,51815,40336,3.288,3.300,10.850
44913,2,41788,30907,3.288,3.300,10.850
44953,2,43531,32848,3.288,3.300,10.850
44993,2,42668,32188,3.284,3.300,10.837
45033,2,38950,28918,3.284,3.300,10.837
45074,2,40156,30192,3.284,3.000,9.852
45114,2,41632,31766,3.284,3.000,9.852
45154,2,39038,29488,3.284,3.000,9.852
45194,2,37011,27953,3.288,3.300,10.850
45234,2,38739,29351,3.288,3.300,10.850
45273,2,41791,31093,3.284,3.000,9.852
45313,2,40260,29175,3.284,3.000,9.852
45353,2,36382,25739,3.284,3.000,9.852
45393,2,37771,26949,3.288,3.000,9.864
45433,2,42001,30723,3.288,3.000,9.864
45474,2,43143,31985,3.284,3.300,10.837
45514,2,43741,32488,3.284,3.300,10.837
45554,2,41441,30163,3.284,3.300,10.837
45593,2,42339,30435,3.288,3.100,10.193
45633,2,39986,28425,3.288,3.100,10.193
45674,2,37198,26469,3.288,3.200,10.522
45714,2,37098,26483,3.288,3.200,10.522
45754,2,36315,25555,3.288,3.200,10.522
45794,2,33436,22661,3.288,2.900,9.535
45834,2,31371,20390,3.288,2.900,9.535
45873,2,29806,18902,3.288,3.100,10.193
45913,2,28306,17652,3.288,3.100,10.193
45953,2,29075,18252,3.288,3.100,10.193
45994,2,27509,17172,3.288,3.100,10.193
46034,2,26251,16012,3.288,3.100,10.193
46074,2,24750,14811,3.288,2.900,9.535
46114,2,25749,15714,3.288,2.900,9.535
46154,2,27933,17617,3.288,2.900,9.535
46193,2,26932,16836,3.284,3.000,9.852
46233,2,26397,16422,3.284,3.000,9.852
46274,2,25471,15747,3.284,2.900,9.524
46314,2,28560,18358,3.284,2.900,9.524
46354,2,31918,21303,3.284,2.900,9.524
46394,2,32198,21508,3.284,3.200,10.509
46434,2,34001,23244,3.284,3.200,10.509
46473,2,38022,27249,3.288,3.200,10.522
46513,2,41309,30191,3.288,3.200,10.522
46553,2,43917,33037,3.288,3.200,10.522
46594,2,50222,41618,3.284,3.200,10.509
46634,2,55058,48265,3.284,3.200,10.509
46674,2,53450,45233,3.284,3.200,10.509
46714,2,56220,48886,3.284,3.200,10.509
46754,2,61865,57305,3.284,3.200,10.509
46793,2,65968,63636,3.284,3.000,9.852
46833,2,71423,72297,3.284,3.000,9.852
46874,2,72827,73872,3.284,2.900,9.524
46914,2,72815,73597,3.284,2.900,9.524
46954,2,72758,73523,3.284,2.900,9.524
46994,2,73243,74412,3.288,3.000,9.864
47034,2,73981,75704,3.288,3.000,9.864
47073,2,75475,78237,3.284,3.600,11.822
47113,2,79016,84167,3.284,3.600,11.822
47153,2,82727,91497,3.284,3.600,11.822
47194,2,84492,95434,3.284,3.500,11.494
47234,2,85074,96448,3.284,3.500,11.494
47274,2,84616,95420,3.284,3.300,10.837
47314,2,82509,90707,3.284,3.300,10.837
47354,2,80021,85902,3.284,3.300,10.837
47393,2,78585,83472,3.288,3.400,11.179
47433,2,79018,83766,3.288,3.400,11.179
47474,2,79346,83841,3.284,3.200,10.509
47514,2,80021,84624,3.284,3.200,10.509
47554,2,80851,85885,3.284,3.200,10.509
47594,2,83972,91707,3.288,3.500,11.508
47634,2,87696,99156,3.288,3.500,11.508
47674,2,88910,101745,3.284,3.800,12.479
47714,2,88767,101751,3.284,3.800,12.479
47754,2,88342,100984,3.284,3.800,12.479
47794,2,88074,100547,3.284,3.400,11.166
47834,2,87590,99751,3.284,3.400,11.166
47874,2,85752,96289,3.284,3.300,10.837
47914,2,79228,86091,3.284,3.300,10.837
47954,2,69780,63114,3.284,3.300,10.837
47994,2,71679,71144,3.288,3.100,10.193
48034,2,74722,80499,3.288,3.100,10.193
48074,2,73712,78681,3.288,3.100,10.193
48114,2,74259,79168,3.288,3.100,10.193
48154,2,73680,78177,3.288,3.100,10.193
48194,2,73134,77203,3.288,3.200,10.522
48234,2,73750,77760,3.288,3.200,10.522
48274,2,73666,77534,3.284,3.200,10.509
48314,2,73141,76784,3.284,3.200,10.509
48354,2,73510,77166,3.284,3.200,10.509
48394,2,73880,77697,3.284,2.900,9.524
48434,2,74490,78849,3.284,2.900,9.524
48474,2,75183,80141,3.284,3.300,10.837
48514,2,75851,81433,3.284,3.300,10.837
48554,2,75293,80144,3.284,3.300,10.837
48594,2,73007,76654,3.284,3.200,10.509
48634,2,62745,56791,3.284,3.200,10.509
48674,2,64532,60485,3.284,3.300,10.837
48714,2,69385,70684,3.284,3.300,10.837
48754,2,66674,66122,3.284,3.300,10.837
48794,2,64040,61842,3.288,3.300,10.850
48834,2,71432,72601,3.288,3.300,10.850
48874,2,72163,73489,3.284,3.000,9.852
48914,2,71486,72715,3.284,3.000,9.852
48954,2,69035,68839,3.284,3.000,9.852
48994,2,72111,61989,3.288,3.200,10.522
49034,2,71885,62907,3.288,3.200,10.522
49074,2,72753,67381,3.284,2.700,8.867
49114,2,72655,69476,3.284,2.700,8.867
49154,2,76062,70646,3.284,2.700,8.867
49194,2,73146,68170,3.284,3.100,10.180
49234,2,71709,65341,3.284,3.100,10.180
49274,2,69832,71151,3.288,3.000,9.864
49314,2,70730,72649,3.288,3.000,9.864
49354,2,70181,71701,3.288,3.000,9.864
49394,2,70033,71624,3.288,3.200,10.522
49434,2,72139,75259,3.288,3.200,10.522
49474,2,76774,82504,3.284,3.200,10.509
49514,2,81446,90417,3.284,3.200,10.509
49554,2,83125,94429,3.284,3.200,10.509
49594,2,83932,96107,3.284,3.400,11.166
49634,2,84378,97129,3.284,3.400,11.166
49674,2,84660,97728,3.284,3.600,11.822
49714,2,84587,97716,3.284,3.600,11.822
49754,2,84261,97026,3.284,3.600,11.822
49794,2,83582,95466,3.284,3.300,10.837
49834,2,83071,94509,3.284,3.300,10.837
49874,2,82410,93330,3.284,3.000,9.852
49914,2,80852,90327,3.284,3.000,9.852
49954,2,78677,86463,3.284,3.000,9.852
49994,2,75937,78081,3.288,3.300,10.850
50034,2,69384,69984,3.288,3.300,10.850
50074,2,69165,71124,3.284,3.000,9.852
50114,2,67075,69038,3.284,3.000,9.852
50154,2,70573,70992,3.284,3.000,9.852
50194,2,66784,65691,3.288,3.100,10.193
50234,2,43629,46269,3.288,3.100,10.193
50274,2,53837,56891,3.288,3.000,9.864
50314,2,68794,70944,3.288,3.000,9.864
50354,2,67715,70503,3.288,3.000,9.864
50394,2,67564,70237,3.284,3.000,9.852
50434,2,68739,70904,3.284,3.000,9.852
50474,2,65204,66816,3.288,3.100,10.193
50514,2,45900,46292,3.288,3.100,10.193
50554,2,30306,25896,3.288,3.100,10.193
50594,2,33165,22964,3.288,3.400,11.179
50634,2,42464,31681,3.288,3.400,11.179
50641,2,70033,71624,3.288,3.400,11.179
50674,2,47199,38641,3.288,3.100,10.193
50714,2,50336,41566,3.288,3.100,10.193
50754,2,47145,34946,3.288,3.100,10.193
50794,2,34692,23274,3.288,3.100,10.193
50834,2,46518,33749,3.288,3.100,10.193
50874,2,62937,56523,3.288,3.300,10.850
50914,2,67025,64144,3.288,3.300,10.850
50954,2,64484,60554,3.288,3.300,10.850
50994,2,52397,40710,3.288,3.100,10.193
51034,2,30495,21290,3.288,3.100,10.193
51074,2,42291,32015,3.284,3.100,10.180
51114,2,67926,65013,3.284,3.100,10.180
51154,2,69025,69329,3.284,3.100,10.180
51194,2,66268,59379,3.288,3.200,10.522
51234,2,44126,33681,3.288,3.200,10.522
51274,2,35762,28727,3.288,3.100,10.193
51314,2,56781,46291,3.288,3.100,10.193
51354,2,69149,66787,3.288,3.100,10.193
51394,2,67687,67031,3.288,3.000,9.864
51434,2,68591,66343,3.288,3.000,9.864
51474,2,68815,59264,3.284,3.200,10.509
51514,2,60727,48642,3.284,3.200,10.509
51554,2,69016,63757,3.284,3.200,10.509
51594,2,68115,68307,3.288,3.400,11.179
51634,2,68155,68500,3.288,3.400,11.179
51674,2,68641,66908,3.288,3.200,10.522
51714,2,67291,56758,3.288,3.200,10.522
51754,2,65951,54956,3.288,3.200,10.522
51794,2,68987,67020,3.284,3.000,9.852
51834,2,70152,71319,3.284,3.000,9.852
51874,2,70388,71667,3.288,3.000,9.864
51914,2,69272,68139,3.288,3.000,9.864
51954,2,68557,68193,3.288,3.000,9.864
51994,2,70110,71469,3.288,3.200,10.522
52034,2,72226,73529,3.288,3.200,10.522
52074,2,72745,74552,3.284,3.300,10.837
52114,2,73178,75325,3.284,3.300,10.837
52154,2,74233,77109,3.284,3.300,10.837
52194,2,74996,78524,3.288,3.300,10.850
52234,2,75451,79386,3.288,3.300,10.850
52274,2,75753,79838,3.288,3.100,10.193
52314,2,75941,79968,3.288,3.100,10.193
52354,2,75945,79826,3.288,3.100,10.193
52394,2,75734,79413,3.284,3.300,10.837
52434,2,75344,78674,3.284,3.300,10.837
52474,2,75210,78462,3.288,3.200,10.522
52514,2,75183,78465,3.288,3.200,10.522
52554,2,74870,77881,3.288,3.200,10.522
52594,2,74483,77020,3.288,3.000,9.864
52634,2,74193,76141,3.288,3.000,9.864
52674,2,74768,76168,3.288,3.100,10.193
52714,2,74941,76539,3.288,3.100,10.193
52754,2,74561,76413,3.288,3.100,10.193
52794,2,74129,76482,3.288,3.200,10.522
52834,2,73720,76301,3.288,3.200,10.522
52874,2,73150,75793,3.288,3.400,11.179
52914,2,75867,80529,3.288,3.400,11.179
52954,2,77162,84454,3.288,3.400,11.179
52994,2,77824,86169,3.288,3.300,10.850
53034,2,77557,85655,3.288,3.300,10.850
53074,2,70637,73869,3.284,3.300,10.837
53114,2,65215,65110,3.284,3.300,10.837
53154,2,68293,70866,3.284,3.300,10.837
53194,2,64445,64570,3.284,3.500,11.494
53234,2,48455,40128,3.284,3.500,11.494
53274,2,32036,22481,3.288,3.200,10.522
53314,2,36283,25965,3.288,3.200,10.522
53354,2,43733,32203,3.288,3.200,10.522
53394,2,41102,29446,3.284,3.000,9.852
53434,2,36605,25968,3.284,3.000,9.852
53474,2,48520,35866,3.288,3.500,11.508
53514,2,50552,37555,3.288,3.500,11.508
53554,2,53029,39808,3.288,3.500,11.508
53594,2,61145,48302,3.284,3.200,10.509
53634,2,64860,53907,3.284,3.200,10.509
53674,2,65193,54553,3.288,3.000,9.864
53714,2,64441,53463,3.288,3.000,9.864
53754,2,65013,54555,3.288,3.000,9.864
53794,2,66163,57221,3.288,2.900,9.535
53834,2,66787,58910,3.288,2.900,9.535
53874,2,68078,62722,3.284,2.800,9.195
53914,2,69872,68284,3.284,2.800,9.195
53954,2,72130,72417,3.284,2.800,9.195
53994,2,72485,73015,3.288,3.300,10.850
54034,2,72613,73437,3.288,3.300,10.850
54074,2,71970,73122,3.284,3.200,10.509
54114,2,71351,73015,3.284,3.200,10.509
54154,2,70416,71886,3.284,3.200,10.509
54194,2,69445,70516,3.288,3.200,10.522
54234,2,69954,71017,3.288,3.200,10.522
54274,2,66621,65752,3.284,3.300,10.837
54314,2,63965,60170,3.284,3.300,10.837
54354,2,68027,67335,3.284,3.300,10.837
54394,2,73099,75314,3.288,3.400,11.179
54434,2,73368,75834,3.288,3.400,11.179
54475,2,72841,75486,3.288,3.400,11.179
54515,2,73202,76266,3.288,3.400,11.179
54555,2,73006,76199,3.288,3.400,11.179
54594,2,73215,76790,3.284,3.200,10.509
54634,2,73828,77974,3.284,3.200,10.509
54674,2,74084,78326,3.284,3.200,10.509
54714,2,74218,78579,3.284,3.200,10.509
54754,2,74345,78819,3.284,3.200,10.509
54795,2,74435,78892,3.288,3.200,10.522
54835,2,74224,78429,3.288,3.200,10.522
54874,2,73998,78108,3.284,3.100,10.180
54914,2,73848,77973,3.284,3.100,10.180
54954,2,73457,77292,3.284,3.100,10.180
54994,2,73061,76511,3.284,3.200,10.509
55034,2,73167,76386,3.284,3.200,10.509
55075,2,73668,77003,3.284,3.100,10.180
55115,2,73728,76966,3.284,3.100,10.180
55155,2,73560,76868,3.284,3.100,10.180
55194,2,73828,77586,3.284,3.200,10.509
55234,2,74499,79005,3.284,3.200,10.509
55275,2,75454,81192,3.284,3.300,10.837
55315,2,76206,82680,3.284,3.300,10.837
55355,2,76620,83753,3.284,3.300,10.837
55395,2,76989,84641,3.284,3.400,11.166
55435,2,77316,85452,3.284,3.400,11.166
55474,2,77661,86237,3.284,3.400,11.166
55514,2,77877,86942,3.284,3.400,11.166
55554,2,77999,87396,3.284,3.400,11.166
55595,2,78112,87723,3.284,3.400,11.166
55635,2,78230,88073,3.284,3.400,11.166
55675,2,78233,88189,3.284,3.300,10.837
55715,2,78247,88285,3.284,3.300,10.837
55755,2,78253,88416,3.284,3.300,10.837
55794,2,78174,88387,3.284,3.300,10.837
55834,2,78155,88352,3.284,3.300,10.837
55875,2,78118,88343,3.284,3.300,10.837
55915,2,78200,88522,3.284,3.300,10.837
55955,2,78280,88707,3.284,3.300,10.837
55995,2,78333,88782,3.288,3.300,10.850
56035,2,78293,88661,3.288,3.300,10.850
56075,2,78224,88450,3.288,3.400,11.179
56115,2,78107,88223,3.288,3.400,11.179
56155,2,77965,87854,3.288,3.400,11.179
56195,2,77651,87158,3.284,3.300,10.837
56235,2,77187,86063,3.284,3.300,10.837
56275,2,76827,85207,3.284,3.300,10.837
56315,2,76650,84886,3.284,3.300,10.837
56355,2,77103,85743,3.284,3.300,10.837
56395,2,76541,84701,3.284,3.300,10.837
56435,2,75245,81739,3.284,3.300,10.837
56475,2,73013,76489,3.284,3.400,11.166
56515,2,63648,55827,3.284,3.400,11.166
56555,2,56157,44885,3.284,3.400,11.166
56595,2,56337,45248,3.284,3.100,10.180
56635,2,57453,46207,3.284,3.100,10.180
56675,2,53525,40865,3.288,2.900,9.535
56715,2,51996,39089,3.288,2.900,9.535
56755,2,48188,34939,3.288,2.900,9.535
56795,2,45842,32832,3.288,2.900,9.535
56835,2,45191,32470,3.288,2.900,9.535
56875,2,45118,32409,3.292,3.100,10.205
56915,2,46258,33373,3.292,3.100,10.205
56955,2,46610,33677,3.292,3.100,10.205
56995,2,48980,35844,3.288,3.100,10.193
57035,2,51091,37760,3.288,3.100,10.193
57075,2,51294,37937,3.288,3.100,10.193
57115,2,51912,38550,3.288,3.100,10.193
57155,2,52429,39038,3.288,3.100,10.193
57195,2,49369,36188,3.288,3.300,10.850
57235,2,45790,33019,3.288,3.300,10.850
57275,2,44503,32134,3.288,2.900,9.535
57315,2,57084,43830,3.288,2.900,9.535
57355,2,68533,56072,3.288,2.900,9.535
57395,2,72791,63164,3.284,3.400,11.166
57435,2,72710,68530,3.284,3.400,11.166
57475,2,67949,67400,3.288,3.000,9.864
57515,2,69515,68998,3.288,3.000,9.864
57555,2,72355,72185,3.288,3.000,9.864
57595,2,74481,74945,3.288,3.000,9.864
57635,2,75062,75714,3.288,3.000,9.864
57675,2,74157,74660,3.284,3.400,11.166
57715,2,69972,70310,3.284,3.400,11.166
57755,2,67699,68149,3.284,3.400,11.166
57795,2,69238,69511,3.284,3.100,10.180
57835,2,69749,70076,3.284,3.100,10.180
57875,2,69839,69915,3.288,3.100,10.193
57915,2,70521,70363,3.288,3.100,10.193
57955,2,69995,69921,3.288,3.100,10.193
57995,2,69282,69323,3.288,2.900,9.535
58035,2,68348,68500,3.288,2.900,9.535
58075,2,67569,67747,3.284,3.100,10.180
58115,2,67479,67668,3.284,3.100,10.180
58155,2,67867,67924,3.284,3.100,10.180
58195,2,68149,67892,3.288,2.800,9.206
58235,2,69021,68413,3.288,2.800,9.206
58275,2,68447,68080,3.284,3.300,10.837
58315,2,67171,67209,3.284,3.300,10.837
58355,2,67575,67922,3.284,3.300,10.837
58395,2,69974,70670,3.288,3.300,10.850
58435,2,71423,72468,3.288,3.300,10.850
58475,2,72266,73536,3.288,3.100,10.193
58515,2,72840,74235,3.288,3.100,10.193
58555,2,73534,75101,3.288,3.100,10.193
58595,2,74007,75799,3.284,3.200,10.509
58635,2,73851,75524,3.284,3.200,10.509
58675,2,73793,75512,3.288,3.200,10.522
58715,2,74063,76147,3.288,3.200,10.522
58755,2,74803,77563,3.288,3.200,10.522
58795,2,74752,77463,3.284,3.200,10.509
58835,2,74604,77162,3.284,3.200,10.509
58875,2,74526,76917,3.288,3.300,10.850
58915,2,74129,76045,3.288,3.300,10.850
58955,2,74169,75990,3.288,3.300,10.850
58995,2,73974,75793,3.288,3.300,10.850
59035,2,73417,75028,3.288,3.300,10.850
59075,2,73457,75341,3.288,3.200,10.522
59115,2,73958,77166,3.288,3.200,10.522
59155,2,74729,79325,3.288,3.200,10.522
59195,2,74589,79851,3.284,3.400,11.166
59235,2,68113,70284,3.284,3.400,11.166
59275,2,21306,13897,3.288,3.300,10.850
59315,2,6880,3325,3.288,3.300,10.850
59355,2,19338,12067,3.288,3.300,10.850
59395,2,50646,44117,3.284,3.400,11.166
59436,2,57471,52362,3.284,3.400,11.166
59475,2,42821,32559,3.284,3.200,10.509
59515,2,27604,17175,3.284,3.200,10.509
59555,2,43037,33035,3.284,3.200,10.509
59595,2,68603,69623,3.288,3.200,10.522
59635,2,72137,75344,3.288,3.200,10.522
59676,2,71965,74365,3.284,3.300,10.837
59716,2,71069,71821,3.284,3.300,10.837
59756,2,72087,72843,3.284,3.300,10.837
59795,2,72187,72635,3.288,3.300,10.850
59835,2,67988,63698,3.288,3.300,10.850
59875,2,72237,62106,3.288,3.200,10.522
59915,2,70385,65485,3.288,3.200,10.522
59955,2,66516,66283,3.288,3.200,10.522
59996,2,68637,68821,3.288,3.000,9.864
60036,2,69022,69398,3.288,3.000,9.864
60075,2,67838,68182,3.288,3.000,9.864
60115,2,59234,51303,3.288,3.000,9.864
60155,2,63782,55931,3.288,3.000,9.864
60195,2,70621,69864,3.288,3.500,11.508
60235,2,68442,70671,3.288,3.500,11.508
60276,2,68971,71298,3.284,3.000,9.852
60316,2,69060,71372,3.284,3.000,9.852
60356,2,69188,71474,3.284,3.000,9.852
60396,2,69209,71483,3.284,3.100,10.180
60436,2,69323,71627,3.284,3.100,10.180
60475,2,69462,71854,3.284,3.400,11.166
60515,2,69327,71641,3.284,3.400,11.166
60555,2,69222,71477,3.284,3.400,11.166
60596,2,69062,71227,3.288,3.200,10.522
60636,2,68950,71082,3.288,3.200,10.522