191,3,83077,83132,3.252,4.200,13.658
231,3,129045,133544,3.252,4.200,13.658
271,3,132775,138533,3.108,5.900,18.337
311,3,137383,138059,3.108,5.900,18.337
351,3,137207,135707,3.108,5.900,18.337
392,3,135205,130264,3.176,5.000,15.880
432,3,133609,128445,3.176,5.000,15.880
471,3,133341,128090,3.240,15.800,51.192
511,3,132484,127142,3.240,15.800,51.192
551,3,129794,125838,3.240,15.800,51.192
591,3,89784,67173,3.088,5.400,16.675
631,3,49795,40371,3.088,5.400,16.675
672,3,99602,99452,3.208,4.900,15.719
712,3,127366,129816,3.208,4.900,15.719
752,3,128116,134156,3.208,4.900,15.719
792,3,133453,143812,3.244,13.700,44.443
832,3,138880,154574,3.244,13.700,44.443
871,3,140257,157541,3.100,5.300,16.430
911,3,141204,158326,3.100,5.300,16.430
951,3,143361,160293,3.100,5.300,16.430
992,3,142317,161199,3.232,5.100,16.483
1032,3,144640,166989,3.232,5.100,16.483
1072,3,147778,173995,3.176,12.400,39.382
1112,3,149031,176388,3.176,12.400,39.382
1152,3,153203,177701,3.176,12.400,39.382
1192,3,145873,164522,3.116,5.000,15.580
1232,3,143275,159193,3.116,5.000,15.580
1272,3,134972,146524,3.240,18.800,60.912
1312,3,128936,137039,3.240,18.800,60.912
1352,3,132664,143531,3.240,18.800,60.912
1392,3,145480,167017,3.152,10.100,31.835
1432,3,148884,174475,3.152,10.100,31.835
1472,3,148839,175501,3.132,8.000,25.056
1512,3,147445,174574,3.132,8.000,25.056
1552,3,146796,173362,3.132,8.000,25.056
1592,3,150195,175352,3.240,19.200,62.208
1632,3,141817,150990,3.240,19.200,62.208
1672,3,145537,160771,3.144,9.300,29.239
1712,3,152674,174260,3.144,9.300,29.239
1752,3,154932,180180,3.144,9.300,29.239
1792,3,154211,175784,3.140,9.100,28.574
1832,3,150354,166914,3.140,9.100,28.574
1872,3,147029,160506,3.240,18.800,60.912
1912,3,145353,157680,3.240,18.800,60.912
1952,3,144253,154408,3.240,18.800,60.912
1992,3,140559,149791,3.124,7.600,23.742
2032,3,136053,143686,3.124,7.600,23.742
2072,3,138956,147160,3.152,10.300,32.466
2112,3,139384,149374,3.152,10.300,32.466
2152,3,138953,152079,3.152,10.300,32.466
2192,3,139305,155137,3.244,18.300,59.365
2232,3,137686,153949,3.244,18.300,59.365
2272,3,137288,155415,3.120,6.700,20.904
2312,3,134877,154095,3.120,6.700,20.904
2352,3,136269,152664,3.120,6.700,20.904
2392,3,144579,161001,3.164,10.000,31.640
2432,3,147600,164052,3.164,10.000,31.640
2472,3,148871,164203,3.252,18.600,60.487
2512,3,148336,165504,3.252,18.600,60.487
2552,3,148129,167987,3.252,18.600,60.487
2592,3,146315,165922,3.148,8.600,27.073
2632,3,143443,159955,3.148,8.600,27.073
2672,3,138546,150254,3.152,8.500,26.792
2712,3,133776,139506,3.152,8.500,26.792
2752,3,127075,127824,3.152,8.500,26.792
2792,3,140702,133981,3.248,18.700,60.738
2832,3,142879,130361,3.248,18.700,60.738
2872,3,139146,122875,3.172,11.000,34.892
2912,3,133707,112760,3.172,11.000,34.892
2952,3,122811,100295,3.172,11.000,34.892
2992,3,76579,60308,3.132,7.000,21.924
3032,3,68740,63743,3.132,7.000,21.924
3072,3,128799,125106,3.248,18.100,58.789
3112,3,133514,131079,3.248,18.100,58.789
3152,3,125852,127774,3.248,18.100,58.789
3192,3,127953,129042,3.184,12.000,38.208
3232,3,134690,133286,3.184,12.000,38.208
3272,3,133138,127911,3.116,5.800,18.073
3312,3,97069,78704,3.116,5.800,18.073
3352,3,58667,45709,3.116,5.800,18.073
3392,3,57600,45300,3.252,17.200,55.934
3432,3,89205,73131,3.252,17.200,55.934
3472,3,118002,96756,3.224,14.300,46.103
3512,3,105168,83120,3.224,14.300,46.103
3552,3,118488,100606,3.224,14.300,46.103
3592,3,128138,130417,3.124,5.900,18.432
3632,3,129950,133720,3.124,5.900,18.432
3672,3,131089,124097,3.180,12.300,39.114
3712,3,79581,65191,3.180,12.300,39.114
3752,3,62952,57055,3.180,12.300,39.114
3792,3,98135,96675,3.212,15.800,50.750
3832,3,144653,139419,3.212,15.800,50.750
3872,3,121671,111107,3.160,5.100,16.116
3912,3,137411,124912,3.160,5.100,16.116
3952,3,138669,137121,3.160,5.100,16.116
3992,3,132436,137455,3.236,15.000,48.540
4032,3,134743,142424,3.236,15.000,48.540
4072,3,134618,142527,3.240,16.700,54.108
4112,3,132560,130400,3.240,16.700,54.108
4152,3,47076,45074,3.240,16.700,54.108
4192,3,11606,10479,3.120,5.400,16.848
4232,3,34637,31226,3.120,5.400,16.848
4272,3,99467,99470,3.180,11.200,35.616
4312,3,134517,143509,3.180,11.200,35.616
4352,3,137162,149357,3.180,11.200,35.616
4392,3,134378,130926,3.232,16.500,53.328
4432,3,78286,62730,3.232,16.500,53.328
4473,3,22761,17959,3.196,6.300,20.135
4513,3,10325,9451,3.196,6.300,20.135
4553,3,6369,6081,3.196,6.300,20.135
4592,3,8109,7759,3.200,6.300,20.160
4632,3,21687,17689,3.200,6.300,20.160
4672,3,82945,66957,3.236,14.600,47.246
4712,3,141884,132192,3.236,14.600,47.246
4752,3,152126,176078,3.236,14.600,47.246
4793,3,150821,173132,3.248,17.800,57.814
4833,3,145480,160697,3.248,17.800,57.814
4872,3,145865,161534,3.176,8.000,25.408
4912,3,149256,170011,3.176,8.000,25.408
4952,3,148459,166974,3.176,8.000,25.408
4993,3,141603,136952,3.000,7.100,21.300
5033,3,97092,81575,3.000,7.100,21.300
5073,3,88227,73522,3.272,19.500,63.804
5113,3,124606,120661,3.272,19.500,63.804
5153,3,126172,126463,3.272,19.500,63.804
5192,3,124950,123035,3.220,11.100,35.742
5232,3,130640,135561,3.220,11.100,35.742
5273,3,130854,137181,3.176,5.100,16.198
5313,3,132500,136178,3.176,5.100,16.198
5353,3,110602,92302,3.176,5.100,16.198
5393,3,40404,28987,3.108,14.000,43.512
5433,3,29793,19386,3.108,14.000,43.512
5473,3,37026,24938,3.164,13.000,41.132
5513,3,83115,67692,3.164,13.000,41.132
5553,3,131479,128991,3.164,13.000,41.132
5593,3,133728,143095,3.228,6.300,20.336
5633,3,132789,139647,3.228,6.300,20.336
5673,3,125225,113075,3.268,13.400,43.791
5713,3,72568,58509,3.268,13.400,43.791
5753,3,123105,114499,3.268,13.400,43.791
5793,3,131604,138761,3.288,20.900,68.719
5833,3,128887,125403,3.288,20.900,68.719
5873,3,75928,58552,3.280,16.700,54.776
5913,3,42327,29829,3.280,16.700,54.776
5953,3,26801,19713,3.280,16.700,54.776
5993,3,10631,8827,3.244,10.000,32.440
6033,3,12061,10105,3.244,10.000,32.440
6073,3,14882,11665,3.236,5.200,16.827
6113,3,27169,19077,3.236,5.200,16.827
6153,3,80969,69941,3.236,5.200,16.827
6193,3,131186,132154,3.220,7.500,24.150
6233,3,148296,170017,3.220,7.500,24.150
6273,3,136369,146371,3.272,15.600,51.043
6313,3,73019,52217,3.272,15.600,51.043
6353,3,16537,13096,3.272,15.600,51.043
6393,3,62199,61185,3.280,20.800,68.224
6433,3,130775,126816,3.280,20.800,68.224
6473,3,148404,139610,3.276,15.500,50.778
6513,3,133367,138877,3.276,15.500,50.778
6553,3,132866,140755,3.276,15.500,50.778
6593,3,138543,131185,3.252,8.500,27.642
6633,3,57571,47314,3.252,8.500,27.642
6673,3,8550,8023,3.236,5.500,17.798
6713,3,4174,4248,3.236,5.500,17.798
6753,3,5006,4899,3.236,5.500,17.798
6793,3,5354,4896,3.256,9.900,32.234
6833,3,16793,13291,3.256,9.900,32.234
6873,3,83071,83059,3.260,16.500,53.790
6913,3,139250,148169,3.260,16.500,53.790
6953,3,145850,169997,3.260,16.500,53.790
6993,3,117631,122088,3.288,19.900,65.431
7033,3,16670,14636,3.288,19.900,65.431
7073,3,7041,7302,3.268,13.400,43.791
7113,3,10271,10458,3.268,13.400,43.791
7153,3,17895,16907,3.268,13.400,43.791
7193,3,62717,50786,3.248,7.400,24.035
7233,3,128921,115860,3.248,7.400,24.035
7273,3,143334,159000,3.216,4.700,15.115
7313,3,133667,139367,3.216,4.700,15.115
7353,3,66755,52252,3.216,4.700,15.115
7393,3,18401,18211,3.288,12.000,39.456
7433,3,40732,42300,3.288,12.000,39.456
7473,3,50995,47413,3.292,18.300,60.244
7513,3,98339,83479,3.292,18.300,60.244
7553,3,144253,147937,3.292,18.300,60.244
7593,3,146948,170459,3.292,20.500,67.486
7633,3,142517,159495,3.292,20.500,67.486
7673,3,90575,76460,3.268,13.600,44.445
7713,3,20644,18875,3.268,13.600,44.445
7753,3,18098,18024,3.268,13.600,44.445
7793,3,20544,19098,3.244,7.200,23.357
7833,3,17273,15320,3.244,7.200,23.357
7873,3,62523,50598,3.236,4.500,14.562
7913,3,129731,115971,3.236,4.500,14.562
7953,3,147503,169064,3.236,4.500,14.562
7993,3,146696,171620,3.284,9.700,31.855
8033,3,145255,157366,3.284,9.700,31.855
8073,3,79845,75276,3.292,17.300,56.952
8113,3,90384,80015,3.292,17.300,56.952
8153,3,111115,98080,3.292,17.300,56.952
8193,3,136453,144540,3.288,20.300,66.746
8233,3,141409,159427,3.288,20.300,66.746
8274,3,142744,162457,3.260,15.100,49.226
8314,3,139556,154942,3.260,15.100,49.226
8353,3,124099,114608,3.260,15.100,49.226
8393,3,39230,32347,3.280,4.600,15.088
8433,3,30508,30146,3.280,4.600,15.088
8474,3,32984,31259,3.288,4.800,15.782
8514,3,63605,53070,3.288,4.800,15.782
8554,3,127733,115800,3.288,4.800,15.782
8594,3,143419,160782,3.288,12.300,40.442
8634,3,138266,150583,3.288,12.300,40.442
8673,3,125202,122421,3.284,20.600,67.650
8713,3,131331,135070,3.284,20.600,67.650
8754,3,134040,139293,3.284,20.600,67.650
8794,3,133988,141857,3.272,17.500,57.260
8834,3,133676,138024,3.272,17.500,57.260
8873,3,80815,60533,3.248,4.400,14.291
8913,3,75382,57974,3.248,4.400,14.291
8954,3,109681,101581,3.248,4.400,14.291
8994,3,106116,93985,3.276,4.700,15.397
9034,3,97790,76492,3.276,4.700,15.397
9074,3,123071,106913,3.272,11.900,38.937
9114,3,134352,138912,3.272,11.900,38.937
9154,3,139229,151063,3.272,11.900,38.937
9193,3,144236,162103,3.280,4.800,15.744
9234,3,143286,159832,3.280,4.800,15.744
9274,3,145327,165148,3.272,4.600,15.051
9314,3,147449,170430,3.272,4.600,15.051
9354,3,148424,173087,3.272,4.600,15.051
9394,3,149096,174830,3.272,4.400,14.397
9434,3,149048,174767,3.272,4.400,14.397
9474,3,144068,163707,3.272,7.800,25.522
9514,3,142556,151107,3.272,7.800,25.522
9554,3,150381,148695,3.272,7.800,25.522
9594,3,135851,120902,3.276,4.500,14.742
9634,3,70144,55325,3.276,4.500,14.742
9674,3,92700,76653,3.272,4.700,15.378
9714,3,130604,120764,3.272,4.700,15.378
9754,3,134048,136989,3.272,4.700,15.378
9794,3,144448,166786,3.272,4.600,15.051
9834,3,147839,175341,3.272,4.600,15.051
9874,3,146889,173361,3.268,4.700,15.360
9914,3,140099,154186,3.268,4.700,15.360
9954,3,32932,36150,3.268,4.700,15.360
9994,3,21558,19501,3.284,12.100,39.736
10034,3,66135,65988,3.284,12.100,39.736
10074,3,129219,132296,3.284,4.500,14.778
10114,3,145647,167206,3.284,4.500,14.778
10154,3,142215,158746,3.284,4.500,14.778
10194,3,137029,144533,3.288,4.600,15.125
10234,3,135230,129300,3.288,4.600,15.125
10274,3,135796,136367,3.284,4.500,14.778
10314,3,139172,148713,3.284,4.500,14.778
10354,3,140002,151268,3.284,4.500,14.778
10394,3,142177,154229,3.284,4.500,14.778
10434,3,145273,155438,3.284,4.500,14.778
10474,3,89371,93005,3.280,9.700,31.816
10514,3,63375,45576,3.280,9.700,31.816
10554,3,72944,55083,3.280,9.700,31.816
10594,3,85169,65667,3.280,4.500,14.760
10634,3,80347,62249,3.280,4.500,14.760
10674,3,81085,68641,3.284,4.600,15.106
10714,3,125435,115318,3.284,4.600,15.106
10754,3,134159,138728,3.284,4.600,15.106
10794,3,133827,138498,3.288,4.700,15.454
10834,3,132770,137160,3.288,4.700,15.454
10874,3,130830,134744,3.288,4.500,14.796
10914,3,128070,131875,3.288,4.500,14.796
10954,3,129171,133992,3.288,4.500,14.796
10994,3,130964,136891,3.288,4.800,15.782
11034,3,132392,139078,3.288,4.800,15.782
11074,3,135745,144307,3.292,4.800,15.802
11114,3,138281,148752,3.292,4.800,15.802
11154,3,138845,149595,3.292,4.800,15.802
11194,3,139524,150697,3.288,4.500,14.796
11234,3,142048,155255,3.288,4.500,14.796
11274,3,146827,163420,3.292,4.400,14.485
11314,3,149622,168123,3.292,4.400,14.485
11354,3,150734,170985,3.292,4.400,14.485
11394,3,152280,174432,3.288,5.000,16.440
11434,3,154445,178707,3.288,5.000,16.440
11474,3,155457,180725,3.292,4.600,15.143
11514,3,156090,182655,3.292,4.600,15.143
11554,3,156621,183984,3.292,4.600,15.143
11594,3,156283,183246,3.288,4.500,14.796
11634,3,155628,181723,3.288,4.500,14.796
11674,3,152494,174691,3.288,4.700,15.454
11714,3,149052,167307,3.288,4.700,15.454
11754,3,147944,164804,3.288,4.700,15.454
11794,3,147882,164591,3.292,4.800,15.802
11834,3,148370,165895,3.292,4.800,15.802
11875,3,148624,166616,3.288,4.500,14.796
11915,3,147147,163692,3.288,4.500,14.796
11955,3,145560,161796,3.288,4.500,14.796
11994,3,142657,157496,3.292,4.600,15.143
12034,3,140455,153758,3.292,4.600,15.143
12074,3,138557,150285,3.292,4.600,15.143
12114,3,131767,138973,3.292,4.600,15.143
12154,3,129097,133341,3.292,4.600,15.143
12195,3,124397,124622,3.288,4.500,14.796
12235,3,118636,113873,3.288,4.500,14.796
12274,3,115516,107807,3.292,4.500,14.814
12314,3,117054,111540,3.292,4.500,14.814
12354,3,118673,115066,3.292,4.500,14.814
12395,3,119231,116315,3.288,4.800,15.782
12435,3,125491,126229,3.288,4.800,15.782
12475,3,135506,140877,3.292,4.600,15.143
12515,3,135262,141015,3.292,4.600,15.143
12555,3,134264,139330,3.292,4.600,15.143
12594,3,133747,138737,3.292,4.700,15.472
12635,3,130366,135104,3.292,4.700,15.472
12675,3,131699,135238,3.288,4.400,14.467
12715,3,143348,140568,3.288,4.400,14.467
12755,3,144909,140809,3.288,4.400,14.467
12795,3,135565,136105,3.292,4.700,15.472
12835,3,129145,133329,3.292,4.700,15.472
12875,3,130213,135719,3.292,4.600,15.143
12915,3,133412,140757,3.292,4.600,15.143
12955,3,134826,142875,3.292,4.600,15.143
12995,3,133656,141429,3.292,4.600,15.143
13035,3,131794,139480,3.292,4.600,15.143
13075,3,129465,137404,3.288,4.600,15.125
13115,3,127642,135120,3.288,4.600,15.125
13155,3,130035,136129,3.288,4.600,15.125
13195,3,135824,139654,3.292,4.600,15.143
13235,3,138259,139569,3.292,4.600,15.143
13275,3,133146,135649,3.292,4.500,14.814
13315,3,131696,137210,3.292,4.500,14.814
13355,3,131735,139826,3.292,4.500,14.814
13395,3,132049,136466,3.292,4.500,14.814
13435,3,132901,137029,3.292,4.500,14.814
13475,3,135356,141636,3.292,4.300,14.156
13515,3,136167,143218,3.292,4.300,14.156
13555,3,136449,144010,3.292,4.300,14.156
13595,3,135977,143016,3.292,4.500,14.814
13635,3,138079,146788,3.292,4.500,14.814
13675,3,141479,151955,3.292,4.500,14.814
13715,3,126155,132670,3.292,4.500,14.814
13755,3,92659,88214,3.292,4.500,14.814
13795,3,57198,43103,3.288,4.600,15.125
13835,3,87514,79433,3.288,4.600,15.125
13875,3,111971,108211,3.292,4.700,15.472
13915,3,111975,105838,3.292,4.700,15.472
13955,3,128431,127065,3.292,4.700,15.472
13995,3,125904,129900,3.288,4.600,15.125
14035,3,115322,128339,3.288,4.600,15.125
14075,3,124002,132393,3.292,4.400,14.485
14115,3,131232,138312,3.292,4.400,14.485
14155,3,134921,140433,3.292,4.400,14.485
14195,3,133927,139456,3.292,4.700,15.472
14235,3,132373,138889,3.292,4.700,15.472
14275,3,131878,137749,3.288,4.700,15.454
14315,3,134121,139841,3.288,4.700,15.454
14355,3,134453,141360,3.288,4.700,15.454
14395,3,132722,141385,3.288,4.600,15.125
14435,3,135691,144051,3.288,4.600,15.125
14475,3,131201,136433,3.288,4.500,14.796
14515,3,126759,131181,3.288,4.500,14.796
14555,3,124148,128543,3.288,4.500,14.796
14595,3,125232,129403,3.288,4.600,15.125
14635,3,127838,131299,3.288,4.600,15.125
14675,3,130114,133269,3.292,4.600,15.143
14715,3,131900,134985,3.292,4.600,15.143
14755,3,137946,139845,3.292,4.600,15.143
14795,3,137123,138501,3.288,4.600,15.125
14835,3,137332,138728,3.288,4.600,15.125
14875,3,143829,142262,3.288,4.400,14.467
14915,3,146978,142635,3.288,4.400,14.467
14955,3,134036,136039,3.288,4.400,14.467
14995,3,129654,133458,3.284,4.600,15.106
15035,3,131660,136225,3.284,4.600,15.106
15075,3,130408,134849,3.292,4.500,14.814
15115,3,127524,131783,3.292,4.500,14.814
15155,3,133920,135515,3.292,4.500,14.814
15195,3,141807,135382,3.292,4.600,15.143
15235,3,133206,136685,3.292,4.600,15.143
15275,3,137687,140953,3.292,4.600,15.143
15315,3,137687,140050,3.292,4.600,15.143
15355,3,129076,133062,3.292,4.600,15.143
15395,3,126091,129686,3.296,4.500,14.832
15435,3,121349,124794,3.296,4.500,14.832
15476,3,121158,124762,3.292,4.800,15.802
15516,3,131512,132898,3.292,4.800,15.802
15555,3,143497,140509,3.292,4.800,15.802
15595,3,141869,138967,3.292,4.500,14.814
15635,3,135199,134089,3.292,4.500,14.814
15676,3,129327,130163,3.292,4.500,14.814
15716,3,136294,135964,3.292,4.500,14.814
15756,3,145206,143354,3.292,4.500,14.814
15795,3,145107,143402,3.292,4.300,14.156
15835,3,143434,142234,3.292,4.300,14.156
15875,3,141045,140433,3.292,4.600,15.143
15915,3,138595,138779,3.292,4.600,15.143
15955,3,136437,138101,3.292,4.600,15.143
15996,3,136216,138871,3.288,4.800,15.782
16036,3,140649,142055,3.288,4.800,15.782
16075,3,145983,144386,3.284,4.400,14.450
16115,3,137517,137604,3.284,4.400,14.450
16155,3,131671,134294,3.284,4.400,14.450
16196,3,134006,138941,3.292,4.700,15.472
16236,3,135655,141947,3.292,4.700,15.472
16276,3,135811,143066,3.296,4.700,15.491
16316,3,136226,144156,3.296,4.700,15.491
16356,3,136314,143909,3.296,4.700,15.491
16396,3,136316,143392,3.292,4.400,14.485
16436,3,136573,143669,3.292,4.400,14.485
16476,3,136141,142723,3.292,4.600,15.143
16516,3,134828,140427,3.292,4.600,15.143
16556,3,132991,137783,3.292,4.600,15.143
16596,3,125324,126216,3.292,4.600,15.143
16636,3,109595,99293,3.292,4.600,15.143
16676,3,99629,82872,3.292,4.500,14.814
16716,3,100267,88544,3.292,4.500,14.814
16756,3,129822,134456,3.292,4.500,14.814
16796,3,133272,139909,3.292,4.600,15.143
16836,3,132933,139585,3.292,4.600,15.143
16876,3,132467,139176,3.292,4.600,15.143
16916,3,132723,139441,3.292,4.600,15.143
16956,3,132613,139237,3.292,4.600,15.143
16996,3,132355,138982,3.296,4.400,14.502
17036,3,132020,138814,3.296,4.400,14.502
17076,3,128680,136047,3.292,4.500,14.814
17116,3,128518,136652,3.292,4.500,14.814
17156,3,151381,150506,3.292,4.500,14.814
17196,3,149618,146864,3.292,4.600,15.143
17236,3,129935,129999,3.292,4.600,15.143
17276,3,128062,128198,3.292,4.700,15.472
17316,3,151625,145100,3.292,4.700,15.472
17356,3,153016,147907,3.292,4.700,15.472
17396,3,143404,142678,3.292,4.500,14.814
17436,3,130892,133529,3.292,4.500,14.814
17476,3,131075,134631,3.292,4.500,14.814
17516,3,148379,145421,3.292,4.500,14.814
17556,3,130332,135830,3.292,4.500,14.814
17596,3,131288,137820,3.292,4.500,14.814
17636,3,133649,142250,3.292,4.500,14.814
17676,3,134074,143143,3.292,4.400,14.485
17716,3,132908,140656,3.292,4.400,14.485
17756,3,135762,137933,3.292,4.400,14.485
17796,3,106916,90897,3.292,4.700,15.472
17836,3,78066,64833,3.292,4.700,15.472
17876,3,119319,98977,3.292,4.400,14.485
17916,3,100590,76949,3.292,4.400,14.485
17956,3,124666,117498,3.292,4.400,14.485
17996,3,129841,131316,3.292,4.600,15.143
18036,3,134215,139524,3.292,4.600,15.143
18076,3,136980,143892,3.292,4.800,15.802
18116,3,132799,137946,3.292,4.800,15.802
18156,3,130158,134043,3.292,4.800,15.802
18196,3,128716,131919,3.292,4.500,14.814
18236,3,117158,112922,3.292,4.500,14.814
18276,3,104622,90991,3.292,4.500,14.814
18316,3,107099,85574,3.292,4.500,14.814
18356,3,110854,89375,3.292,4.500,14.814
18396,3,140343,126520,3.296,4.800,15.821
18436,3,145642,140375,3.296,4.800,15.821
18476,3,148093,140784,3.288,4.500,14.796
18516,3,146160,136025,3.288,4.500,14.796
18556,3,119861,112430,3.288,4.500,14.796
18596,3,138235,132487,3.292,4.500,14.814
18636,3,149488,143661,3.292,4.500,14.814
18676,3,149819,144847,3.292,4.600,15.143
18716,3,129634,123300,3.292,4.600,15.143
18756,3,86700,82958,3.292,4.600,15.143
18796,3,113939,113031,3.292,4.500,14.814
18836,3,151837,145107,3.292,4.500,14.814
18876,3,148378,145619,3.292,4.600,15.143
18916,3,146589,145562,3.292,4.600,15.143
18956,3,150559,146378,3.292,4.600,15.143
18996,3,141452,126035,3.296,4.400,14.502
19036,3,88795,75268,3.296,4.400,14.502
19076,3,110971,98043,3.296,4.500,14.832
19116,3,131278,137500,3.296,4.500,14.832
19156,3,131775,139039,3.296,4.500,14.832
19196,3,117507,116183,3.296,4.400,14.502
19236,3,96963,84513,3.296,4.400,14.502
19277,3,90487,72397,3.292,4.600,15.143
19317,3,107402,90061,3.292,4.600,15.143
19357,3,127501,136157,3.292,4.600,15.143
19396,3,132460,146135,3.288,4.700,15.454
19436,3,132738,147362,3.288,4.700,15.454
19476,3,127247,138985,3.292,4.600,15.143
19516,3,118572,132145,3.292,4.600,15.143
19556,3,83172,97683,3.292,4.600,15.143
19597,3,95109,108515,3.292,4.600,15.143
19637,3,123065,139789,3.292,4.600,15.143
19676,3,130307,147314,3.292,4.700,15.472
19716,3,132410,150294,3.292,4.700,15.472
19756,3,135350,154179,3.292,4.700,15.472
19796,3,135700,153943,3.292,4.200,13.826
19837,3,136126,152989,3.292,4.200,13.826
19877,3,132996,148449,3.292,4.700,15.472
19917,3,131801,145999,3.292,4.700,15.472
19957,3,130083,138484,3.292,4.700,15.472
19996,3,130734,137735,3.292,4.700,15.472
20036,3,131260,136923,3.292,4.700,15.472
20077,3,130963,135138,3.292,4.400,14.485
20117,3,139360,141330,3.292,4.400,14.485
20157,3,136734,141876,3.292,4.400,14.485
20196,3,133075,140570,3.292,4.800,15.802
20236,3,131870,139479,3.292,4.800,15.802
20277,3,133266,139733,3.292,4.300,14.156
20317,3,126481,128760,3.292,4.300,14.156
20357,3,98579,86811,3.292,4.300,14.156
20397,3,113932,109078,3.288,4.500,14.796
20437,3,119166,118943,3.288,4.500,14.796
20476,3,86480,75347,3.292,4.600,15.143
20516,3,59216,42747,3.292,4.600,15.143
20557,3,94240,70291,3.292,4.600,15.143
20597,3,132729,127667,3.292,4.900,16.131
20637,3,135035,140097,3.292,4.900,16.131
20677,3,134875,139869,3.292,4.800,15.802
20717,3,135735,144194,3.292,4.800,15.802
20757,3,131760,138145,3.292,4.800,15.802
20797,3,138408,146756,3.292,4.400,14.485
20837,3,141082,149970,3.292,4.400,14.485
20877,3,141286,150645,3.292,4.600,15.143
20917,3,141404,151059,3.292,4.600,15.143
20957,3,140946,150628,3.292,4.600,15.143
20997,3,140046,149802,3.292,4.700,15.472
21037,3,137687,146930,3.292,4.700,15.472
21077,3,133148,140939,3.292,4.800,15.802
21117,3,129345,134306,3.292,4.800,15.802
21157,3,121864,122725,3.292,4.800,15.802
21197,3,99609,82837,3.296,4.500,14.832
21237,3,71571,58741,3.296,4.500,14.832
21277,3,66972,64494,3.292,4.700,15.472
21317,3,111655,114391,3.292,4.700,15.472
21357,3,123314,134539,3.292,4.700,15.472
21397,3,122606,133828,3.292,4.500,14.814
21437,3,128903,138891,3.292,4.500,14.814
21477,3,138956,142604,3.296,4.600,15.162
21517,3,128240,138666,3.296,4.600,15.162
21557,3,129910,141253,3.296,4.600,15.162
21597,3,130495,142027,3.292,4.400,14.485
21637,3,129455,141175,3.292,4.400,14.485
21677,3,117189,120321,3.292,4.300,14.156
21717,3,112472,111171,3.292,4.300,14.156
21757,3,121746,116129,3.292,4.300,14.156
21797,3,142501,136178,3.292,4.700,15.472
21837,3,95347,93448,3.292,4.700,15.472
21877,3,93125,99797,3.296,4.500,14.832
21917,3,104522,112658,3.296,4.500,14.832
21957,3,97024,107692,3.296,4.500,14.832
21997,3,74323,86535,3.292,4.600,15.143
22037,3,57169,68358,3.292,4.600,15.143
22077,3,51489,63137,3.292,4.700,15.472
22117,3,56064,69441,3.292,4.700,15.472
22157,3,50995,63766,3.292,4.700,15.472
22197,3,46303,57943,3.292,4.700,15.472
22237,3,48500,61595,3.292,4.700,15.472
22277,3,65380,82348,3.292,4.800,15.802
22317,3,94009,110857,3.292,4.800,15.802
22357,3,136503,142264,3.292,4.800,15.802
22397,3,139851,146253,3.292,4.600,15.143
22437,3,138405,145969,3.292,4.600,15.143
22477,3,138197,146002,3.288,4.800,15.782
22517,3,141813,152156,3.288,4.800,15.782
22557,3,146505,159826,3.288,4.800,15.782
22597,3,150354,167774,3.288,4.500,14.796
22637,3,150838,169954,3.288,4.500,14.796
22677,3,149334,166613,3.288,4.600,15.125
22717,3,148373,163915,3.288,4.600,15.125
22757,3,147335,161018,3.288,4.600,15.125
22797,3,146227,158039,3.292,4.800,15.802
22837,3,140470,148911,3.292,4.800,15.802
22877,3,106214,95382,3.292,4.400,14.485
22917,3,60740,42013,3.292,4.400,14.485
22957,3,22908,13895,3.292,4.400,14.485
22997,3,36186,24311,3.296,4.400,14.502
23037,3,78894,64512,3.296,4.400,14.502
23077,3,101474,91462,3.292,4.700,15.472
23117,3,106767,98004,3.292,4.700,15.472
23157,3,113952,107232,3.292,4.700,15.472
23197,3,120326,116365,3.292,4.500,14.814
23237,3,137229,143154,3.292,4.500,14.814
23277,3,141342,149616,3.292,4.400,14.485
23317,3,141140,149945,3.292,4.400,14.485
23357,3,141270,149844,3.292,4.400,14.485
23397,3,141038,149128,3.292,4.700,15.472
23437,3,140214,147646,3.292,4.700,15.472
23478,3,139892,147748,3.292,5.000,16.460
23518,3,140338,149519,3.292,5.000,16.460
23558,3,141749,151954,3.292,5.000,16.460
23597,3,141301,151541,3.292,4.500,14.814
23637,3,141518,152549,3.292,4.500,14.814
23677,3,141620,152828,3.292,4.600,15.143
23717,3,141584,152516,3.292,4.600,15.143
23758,3,140604,150686,3.292,4.600,15.143
23798,3,136705,144766,3.292,4.400,14.485
23838,3,134701,141540,3.292,4.400,14.485
23877,3,135614,142691,3.292,4.800,15.802
23917,3,133946,140436,3.292,4.800,15.802
23957,3,133643,139813,3.292,4.800,15.802
23998,3,135468,142242,3.292,4.600,15.143
24038,3,135833,142900,3.292,4.600,15.143
24078,3,135386,142697,3.292,4.600,15.143
24118,3,135062,142870,3.292,4.600,15.143
24158,3,133551,138779,3.292,4.600,15.143
24198,3,137308,130419,3.292,4.400,14.485
24238,3,135690,123814,3.292,4.400,14.485
24278,3,130417,109778,3.296,4.300,14.173
24318,3,135852,116199,3.296,4.300,14.173
24358,3,129923,109789,3.296,4.300,14.173
24398,3,127115,108546,3.292,4.600,15.143
24437,3,123007,104359,3.292,4.600,15.143
24478,3,123334,105811,3.292,4.200,13.826
24518,3,132612,120366,3.292,4.200,13.826
24558,3,135023,134255,3.292,4.200,13.826
24598,3,132532,145770,3.292,4.700,15.472
24638,3,140669,163353,3.292,4.700,15.472
24678,3,146169,174494,3.292,4.400,14.485
24718,3,147301,177360,3.292,4.400,14.485
24758,3,147100,177591,3.292,4.400,14.485
24798,3,147260,178453,3.292,4.800,15.802
24838,3,147466,179670,3.292,4.800,15.802
24878,3,148180,181099,3.292,4.800,15.802
24918,3,149064,182691,3.292,4.800,15.802
24958,3,149973,184225,3.292,4.800,15.802
24998,3,151112,186087,3.292,4.300,14.156
25038,3,152262,187742,3.292,4.300,14.156
25078,3,152691,188273,3.296,4.800,15.821
25118,3,152788,188283,3.296,4.800,15.821
25158,3,152660,188001,3.296,4.800,15.821
25198,3,152326,187420,3.292,4.700,15.472
25238,3,151562,186185,3.292,4.700,15.472
25278,3,150801,184938,3.292,4.500,14.814
25318,3,149974,183302,3.292,4.500,14.814
25358,3,147645,180154,3.292,4.500,14.814
25398,3,143788,173737,3.296,4.500,14.832
25438,3,143017,171589,3.296,4.500,14.832
25478,3,144984,174902,3.292,4.400,14.485
25518,3,145084,175468,3.292,4.400,14.485
25558,3,144034,174130,3.292,4.400,14.485
25598,3,141670,170568,3.292,4.600,15.143
25638,3,138713,164876,3.292,4.600,15.143
25678,3,135754,158204,3.292,4.400,14.485
25718,3,133654,152275,3.292,4.400,14.485
25758,3,132686,148724,3.292,4.400,14.485
25798,3,132929,147736,3.292,4.700,15.472
25838,3,133372,147390,3.292,4.700,15.472
25878,3,128057,137771,3.292,4.600,15.143
25918,3,140083,140557,3.292,4.600,15.143
25958,3,143711,140666,3.292,4.600,15.143
25998,3,130950,135124,3.288,4.800,15.782
26038,3,128943,135664,3.288,4.800,15.782
26078,3,128690,135397,3.292,4.600,15.143
26118,3,130194,138657,3.292,4.600,15.143
26158,3,134961,147895,3.292,4.600,15.143
26198,3,143107,160657,3.292,4.500,14.814
26238,3,153971,178628,3.292,4.500,14.814
26278,3,159706,190789,3.292,4.600,15.143
26318,3,160285,194858,3.292,4.600,15.143
26358,3,161599,197280,3.292,4.600,15.143
26398,3,162425,198615,3.292,4.700,15.472
26438,3,162469,198813,3.292,4.700,15.472
26478,3,162096,198328,3.296,4.800,15.821
26518,3,160714,196316,3.296,4.800,15.821
26558,3,158473,192379,3.296,4.800,15.821
26598,3,155650,187262,3.292,4.700,15.472
26638,3,151349,180638,3.292,4.700,15.472
26678,3,147661,173994,3.292,4.600,15.143
26718,3,141462,163804,3.292,4.600,15.143
26758,3,143555,156145,3.292,4.600,15.143
26798,3,134785,131529,3.292,4.300,14.156
26838,3,137812,141477,3.292,4.300,14.156
26878,3,136653,146452,3.296,4.600,15.162
26918,3,133668,141550,3.296,4.600,15.162
26958,3,136132,136876,3.296,4.600,15.162
26998,3,134001,124498,3.296,4.500,14.832
27038,3,119303,108670,3.296,4.500,14.832
27078,3,129102,118354,3.292,4.800,15.802
27118,3,138528,134022,3.292,4.800,15.802
27158,3,132844,137921,3.292,4.800,15.802
27198,3,135018,141501,3.292,4.600,15.143
27238,3,136821,144556,3.292,4.600,15.143
27279,3,138701,148694,3.292,4.700,15.472
27319,3,147877,169886,3.292,4.700,15.472
27359,3,154139,183461,3.292,4.700,15.472
27398,3,155638,186852,3.292,4.800,15.802
27438,3,156071,187939,3.292,4.800,15.802
27478,3,156014,187887,3.292,4.800,15.802
27519,3,155343,186445,3.292,4.800,15.802
27559,3,154138,183757,3.292,4.800,15.802
27599,3,153005,180484,3.292,4.700,15.472
27639,3,140661,143387,3.292,4.700,15.472
27678,3,120709,109073,3.292,4.200,13.826
27718,3,136242,143222,3.292,4.200,13.826
27758,3,142213,151898,3.292,4.200,13.826
27799,3,140330,149257,3.292,4.800,15.802
27839,3,136295,143670,3.292,4.800,15.802
27879,3,126337,126256,3.292,4.700,15.472
27918,3,115673,98793,3.292,4.700,15.472
27958,3,100886,89015,3.292,4.700,15.472
27999,3,101560,95867,3.292,4.500,14.814
28039,3,132916,128295,3.292,4.500,14.814
28079,3,131369,134968,3.292,4.600,15.143
28119,3,135407,136378,3.292,4.600,15.143
28159,3,133729,121720,3.292,4.600,15.143
28198,3,109800,103422,3.292,4.600,15.143
28239,3,109020,103156,3.292,4.600,15.143
28279,3,96739,94526,3.292,4.500,14.814
28319,3,92500,92478,3.292,4.500,14.814
28359,3,102750,101005,3.292,4.500,14.814
28399,3,117717,112385,3.296,4.800,15.821
28439,3,117157,111776,3.296,4.800,15.821
28479,3,123621,117395,3.292,4.700,15.472
28519,3,126458,117908,3.292,4.700,15.472
28559,3,113142,105606,3.292,4.700,15.472
28599,3,122186,110401,3.296,4.400,14.502
28639,3,123529,106561,3.296,4.400,14.502
28679,3,109935,92678,3.292,4.500,14.814
28719,3,113589,96932,3.292,4.500,14.814
28759,3,118595,101182,3.292,4.500,14.814
28799,3,130000,112376,3.296,4.700,15.491
28839,3,140510,133398,3.296,4.700,15.491
28879,3,133897,138253,3.292,4.400,14.485
28919,3,133323,138538,3.292,4.400,14.485
28959,3,133700,131076,3.292,4.400,14.485
28999,3,119400,99302,3.292,4.800,15.802
29039,3,113031,93151,3.292,4.800,15.802
29079,3,112434,92933,3.292,4.700,15.472
29119,3,113355,95195,3.292,4.700,15.472
29159,3,125165,107819,3.292,4.700,15.472
29199,3,129815,112803,3.292,4.400,14.485
29239,3,126794,108877,3.292,4.400,14.485
29279,3,116512,96567,3.296,4.500,14.832
29319,3,107071,86598,3.296,4.500,14.832
29359,3,109593,88761,3.296,4.500,14.832
29399,3,105195,83723,3.292,4.600,15.143
29439,3,107250,85814,3.292,4.600,15.143
29479,3,112245,94313,3.292,4.500,14.814
29519,3,107565,90712,3.292,4.500,14.814
29559,3,97609,75707,3.292,4.500,14.814
29599,3,105334,84858,3.296,4.700,15.491
29639,3,124992,108876,3.296,4.700,15.491
29679,3,126348,119994,3.296,4.900,16.150
29719,3,129904,133207,3.296,4.900,16.150
29759,3,131480,135252,3.296,4.900,16.150
29799,3,131424,135609,3.292,4.800,15.802
29839,3,131408,135740,3.292,4.800,15.802
29879,3,131429,135614,3.296,4.600,15.162
29919,3,130969,134922,3.296,4.600,15.162
29959,3,130204,133979,3.296,4.600,15.162
29999,3,129740,133576,3.292,4.400,14.485
30039,3,128623,132155,3.292,4.400,14.485
30079,3,131975,134742,3.292,4.600,15.143
30119,3,135014,138546,3.292,4.600,15.143
30159,3,138474,143361,3.292,4.600,15.143
30199,3,136770,141457,3.292,4.500,14.814
30239,3,137515,142136,3.292,4.500,14.814
30279,3,137676,142603,3.292,4.400,14.485
30319,3,135896,140703,3.292,4.400,14.485
30359,3,137042,141346,3.292,4.400,14.485
30399,3,140461,144049,3.296,4.700,15.491
30439,3,142470,146170,3.296,4.700,15.491
30479,3,137953,142113,3.296,4.500,14.832
30519,3,137857,140866,3.296,4.500,14.832
30559,3,134232,136568,3.296,4.500,14.832
30599,3,132316,135236,3.296,4.700,15.491
30639,3,130503,134444,3.296,4.700,15.491
30679,3,130773,134016,3.292,4.500,14.814
30719,3,130838,132613,3.292,4.500,14.814
30759,3,133624,133463,3.292,4.500,14.814
30799,3,140322,137142,3.296,4.800,15.821
30839,3,118940,122651,3.296,4.800,15.821
30879,3,47763,60617,3.296,4.500,14.832
30919,3,18468,27251,3.296,4.500,14.832
30959,3,14616,22943,3.296,4.500,14.832
30999,3,14417,22376,3.292,4.600,15.143
31039,3,15541,23721,3.292,4.600,15.143
31079,3,25564,36117,3.292,4.700,15.472
31119,3,66919,82900,3.292,4.700,15.472
31160,3,112492,123298,3.292,4.700,15.472
31199,3,127675,133237,3.292,4.800,15.802
31239,3,138345,138715,3.292,4.800,15.802
31279,3,143869,142195,3.292,4.700,15.472
31319,3,144820,142159,3.292,4.700,15.472
31359,3,139541,147368,3.292,4.700,15.472
31399,3,138445,149355,3.288,4.600,15.125
31439,3,137972,148691,3.288,4.600,15.125
31479,3,137993,148863,3.292,4.500,14.814
31519,3,137474,148258,3.292,4.500,14.814
31559,3,133537,142852,3.292,4.500,14.814
31600,3,134301,144192,3.292,4.700,15.472
31640,3,134532,144725,3.292,4.700,15.472
31679,3,132019,141095,3.292,4.900,16.131
31719,3,128323,133512,3.292,4.900,16.131
31759,3,126337,128528,3.292,4.900,16.131
31799,3,127761,131411,3.292,4.500,14.814
31839,3,128854,133678,3.292,4.500,14.814
31880,3,129100,133907,3.292,4.500,14.814
31920,3,131670,138404,3.292,4.500,14.814
31960,3,132048,137684,3.292,4.500,14.814
31999,3,130330,129922,3.292,4.700,15.472
32039,3,127160,123346,3.292,4.700,15.472
32080,3,130122,127570,3.292,4.900,16.131
32120,3,130626,133545,3.292,4.900,16.131
32160,3,131804,138528,3.292,4.900,16.131
32200,3,96119,113031,3.292,4.400,14.485
32240,3,87608,109144,3.292,4.400,14.485
32280,3,121648,134937,3.292,4.700,15.472
32320,3,123738,133542,3.292,4.700,15.472
32360,3,127844,138860,3.292,4.700,15.472
32400,3,131546,137471,3.292,4.500,14.814
32440,3,131439,137852,3.292,4.500,14.814
32480,3,132151,138714,3.292,4.800,15.802
32520,3,132037,139263,3.292,4.800,15.802
32560,3,127452,132925,3.292,4.800,15.802
32600,3,116792,110363,3.292,4.600,15.143
32640,3,90742,79600,3.292,4.600,15.143
32680,3,91439,79233,3.296,4.700,15.491
32720,3,97302,80610,3.296,4.700,15.491
32760,3,96946,77832,3.296,4.700,15.491
32800,3,115361,97197,3.292,4.700,15.472
32840,3,125336,107108,3.292,4.700,15.472
32880,3,129483,113059,3.292,4.600,15.143
32920,3,132737,116544,3.292,4.600,15.143
32960,3,125236,109250,3.292,4.600,15.143
33000,3,127144,115532,3.292,4.800,15.802
33040,3,148758,143287,3.292,4.800,15.802
33080,3,139990,139719,3.296,4.700,15.491
33120,3,133159,135242,3.296,4.700,15.491
33160,3,139192,141051,3.296,4.700,15.491
33200,3,135933,139213,3.296,4.700,15.491
33240,3,128690,134715,3.296,4.700,15.491
33280,3,129849,134509,3.292,4.700,15.472
33320,3,132369,132386,3.292,4.700,15.472
33360,3,135612,129777,3.292,4.700,15.472
33400,3,137363,123969,3.292,4.400,14.485
33440,3,130597,112177,3.292,4.400,14.485
33480,3,129399,116701,3.292,4.500,14.814
33520,3,135248,148023,3.292,4.500,14.814
33560,3,148310,177862,3.292,4.500,14.814
33600,3,153561,186865,3.292,4.500,14.814
33640,3,155008,188752,3.292,4.500,14.814
33680,3,156736,191685,3.296,4.800,15.821
33720,3,157726,193408,3.296,4.800,15.821
33760,3,157661,193346,3.296,4.800,15.821
33800,3,157471,192984,3.292,4.900,16.131
33840,3,157137,192321,3.292,4.900,16.131
33880,3,156629,191429,3.292,4.600,15.143
33920,3,156385,190925,3.292,4.600,15.143
33960,3,156032,190178,3.292,4.600,15.143
34000,3,155704,189547,3.292,4.700,15.472
34040,3,155748,189666,3.292,4.700,15.472
34080,3,155579,189395,3.296,4.500,14.832
34120,3,155994,190102,3.296,4.500,14.832
34160,3,156465,191099,3.296,4.500,14.832
34200,3,156524,191126,3.292,4.900,16.131
34240,3,156907,191963,3.292,4.900,16.131
34280,3,156896,192125,3.292,5.100,16.789
34320,3,156470,191459,3.292,5.100,16.789
34360,3,155941,190583,3.292,5.100,16.789
34400,3,155523,189805,3.292,5.000,16.460
34440,3,155130,188812,3.292,5.000,16.460
34480,3,153784,186203,3.296,5.000,16.480
34520,3,152835,185032,3.296,5.000,16.480
34560,3,151585,183457,3.296,5.000,16.480
34600,3,150165,180738,3.292,4.600,15.143
34640,3,149334,178801,3.292,4.600,15.143
34680,3,148661,177325,3.292,4.500,14.814
34720,3,148476,176936,3.292,4.500,14.814
34760,3,149241,178609,3.292,4.500,14.814
34800,3,150056,180215,3.296,4.800,15.821
34840,3,149840,179990,3.296,4.800,15.821
34880,3,149335,179123,3.288,5.000,16.440
34920,3,148805,178313,3.288,5.000,16.440
34960,3,148019,177080,3.288,5.000,16.440
35000,3,146866,174863,3.296,4.700,15.491
35040,3,146320,173287,3.296,4.700,15.491
35080,3,145841,171246,3.292,4.800,15.802
35120,3,146647,172508,3.292,4.800,15.802
35160,3,145564,170213,3.292,4.800,15.802
35201,3,143977,167196,3.292,4.500,14.814
35241,3,142053,163152,3.292,4.500,14.814
35280,3,136096,148575,3.296,4.700,15.491
35320,3,140546,141776,3.296,4.700,15.491
35360,3,145414,136178,3.296,4.700,15.491
35400,3,143595,130441,3.292,4.600,15.143
35440,3,136174,124191,3.292,4.600,15.143
35481,3,130130,120649,3.292,4.500,14.814
35521,3,123280,116526,3.292,4.500,14.814
35561,3,111551,107961,3.292,4.500,14.814
35600,3,112371,111729,3.292,4.300,14.156
35640,3,121021,121584,3.292,4.300,14.156
35681,3,112356,116599,3.296,4.800,15.821
35721,3,109575,116699,3.296,4.800,15.821
35761,3,96561,108029,3.296,4.800,15.821
35801,3,87246,100169,3.296,4.700,15.491
35841,3,82046,96330,3.296,4.700,15.491
35880,3,80026,94911,3.292,4.700,15.472
35920,3,85487,100801,3.292,4.700,15.472
35960,3,101800,114923,3.292,4.700,15.472
36001,3,124720,131434,3.292,4.600,15.143
36041,3,138822,140656,3.292,4.600,15.143
36081,3,142911,143378,3.292,4.900,16.131
36121,3,144132,144038,3.292,4.900,16.131
36161,3,144716,144531,3.292,4.900,16.131
36201,3,144813,144728,3.296,4.400,14.502
36241,3,140521,141782,3.296,4.400,14.502
36281,3,135984,137853,3.292,4.800,15.802
36321,3,133270,136299,3.292,4.800,15.802
36361,3,132441,136527,3.292,4.800,15.802
36401,3,131768,135917,3.292,4.800,15.802
36441,3,132154,136082,3.292,4.800,15.802
36481,3,133575,136905,3.292,5.000,16.460
36521,3,133300,136391,3.292,5.000,16.460
36561,3,133933,137055,3.292,5.000,16.460
36601,3,133652,136806,3.296,4.800,15.821
36641,3,133652,136976,3.296,4.800,15.821
36681,3,134073,137510,3.292,4.700,15.472
36721,3,135172,139162,3.292,4.700,15.472
36761,3,136663,141120,3.292,4.700,15.472
36801,3,133176,135858,3.284,4.900,16.092
36841,3,111803,102112,3.284,4.900,16.092
36881,3,89842,73395,3.296,4.600,15.162
36921,3,77192,58911,3.296,4.600,15.162
36961,3,81645,64521,3.296,4.600,15.162
37001,3,80276,63227,3.292,4.300,14.156
37041,3,90188,76465,3.292,4.300,14.156
37081,3,104753,95416,3.296,4.700,15.491
37121,3,118093,113876,3.296,4.700,15.491
37161,3,124636,124730,3.296,4.700,15.491
37201,3,125732,128722,3.292,4.900,16.131
37241,3,132376,139822,3.292,4.900,16.131
37281,3,132146,139317,3.292,5.500,18.106
37321,3,128895,134148,3.292,5.500,18.106
37361,3,132329,138547,3.292,5.500,18.106
37401,3,131930,138095,3.292,5.900,19.423
37441,3,131682,138425,3.292,5.900,19.423
37481,3,132612,139550,3.276,5.000,16.380
37521,3,134201,141862,3.276,5.000,16.380
37561,3,136748,144410,3.276,5.000,16.380
37601,3,137999,145033,3.292,4.600,15.143
37641,3,144947,152051,3.292,4.600,15.143
37681,3,142835,150126,3.292,5.000,16.460
37721,3,136241,141872,3.292,5.000,16.460
37761,3,132470,132607,3.292,5.000,16.460
37801,3,124253,131270,3.296,4.900,16.150
37841,3,122971,130396,3.296,4.900,16.150
37881,3,126458,129267,3.292,5.000,16.460
37921,3,133674,131040,3.292,5.000,16.460
37961,3,126326,133682,3.292,5.000,16.460
38001,3,127055,137524,3.296,5.100,16.810
38041,3,123109,118200,3.296,5.100,16.810
38081,3,101682,80471,3.292,4.600,15.143
38121,3,101695,79913,3.292,4.600,15.143
38161,3,63514,47494,3.292,4.600,15.143
38201,3,33058,24384,3.272,4.900,16.033
38241,3,33320,24810,3.272,4.900,16.033
38281,3,51007,37679,3.288,4.800,15.782
38321,3,82272,64809,3.288,4.800,15.782
38361,3,104478,88745,3.288,4.800,15.782
38401,3,116423,105643,3.288,4.300,14.138
38441,3,126073,121878,3.288,4.300,14.138
38481,3,124410,117146,3.292,14.100,46.417
38521,3,127822,122521,3.292,14.100,46.417
38561,3,129036,126499,3.292,14.100,46.417
38601,3,129023,130170,3.292,4.500,14.814
38641,3,128749,130980,3.292,4.500,14.814
38681,3,127934,131421,3.248,4.700,15.266
38721,3,126940,130412,3.248,4.700,15.266
38761,3,128258,134086,3.248,4.700,15.266
38802,3,131138,139699,3.296,5.000,16.480
38842,3,131136,140115,3.296,5.000,16.480
38881,3,132895,143755,3.268,5.000,16.340
38921,3,135229,147439,3.268,5.000,16.340
38961,3,135730,147555,3.268,5.000,16.340
39001,3,136495,148670,3.284,4.400,14.450
39041,3,137234,149808,3.284,4.400,14.450
39082,3,136704,148699,3.292,4.900,16.131
39122,3,99680,113107,3.292,4.900,16.131
39162,3,79773,97435,3.292,4.900,16.131
39201,3,123265,130997,3.292,4.400,14.485
39241,3,131602,133544,3.292,4.400,14.485
39282,3,127399,130034,3.292,11.000,36.212
39322,3,127089,130813,3.292,11.000,36.212
39362,3,128742,132146,3.292,11.000,36.212
39402,3,123734,127088,3.296,4.600,15.162
39442,3,131588,129894,3.296,4.600,15.162
39482,3,108706,107858,3.252,5.300,17.236
39522,3,119834,115359,3.252,5.300,17.236
39562,3,128292,133133,3.252,5.300,17.236
39602,3,130831,137862,3.264,4.800,15.667
39642,3,131733,139636,3.264,4.800,15.667
39682,3,131854,140071,3.276,5.100,16.708
39721,3,131977,140210,3.276,5.100,16.708
39762,3,131259,139050,3.276,5.100,16.708
39802,3,131362,139156,3.292,4.600,15.143
39842,3,129952,136860,3.292,4.600,15.143
39882,3,129978,138983,3.292,18.600,61.231
39922,3,135565,151543,3.292,18.600,61.231
39962,3,141571,164281,3.292,18.600,61.231
40002,3,144909,170653,3.296,4.600,15.162
40042,3,147241,175318,3.296,4.600,15.162
40082,3,148435,177991,3.260,8.700,28.362
40122,3,149512,179901,3.260,8.700,28.362
40162,3,150546,181205,3.260,8.700,28.362
40202,3,151315,182298,3.296,5.000,16.480
40242,3,151660,184153,3.296,5.000,16.480
40282,3,153281,182754,3.260,7.600,24.776
40322,3,147178,170343,3.260,7.600,24.776
40362,3,147334,173697,3.260,7.600,24.776
40402,3,148572,177212,3.268,4.600,15.033
40442,3,150150,180882,3.268,4.600,15.033
40482,3,151463,183943,3.288,17.400,57.211
40522,3,151807,184661,3.288,17.400,57.211
40562,3,152138,185307,3.288,17.400,57.211
40602,3,152898,186818,3.292,4.600,15.143
40642,3,153411,188185,3.292,4.600,15.143
40682,3,152533,188133,3.288,4.900,16.111
40722,3,151824,187488,3.288,4.900,16.111
40762,3,154199,188367,3.288,4.900,16.111
40802,3,156233,190094,3.292,4.800,15.802
40842,3,157145,190924,3.292,4.800,15.802
40882,3,158024,192162,3.296,4.900,16.150
40922,3,158517,192897,3.296,4.900,16.150
40962,3,158862,193463,3.296,4.900,16.150
41002,3,159278,194056,3.292,5.200,17.118
41042,3,159337,194070,3.292,5.200,17.118
41082,3,159096,193269,3.292,4.900,16.131
41122,3,158584,192087,3.292,4.900,16.131
41162,3,157923,190886,3.292,4.900,16.131
41202,3,156863,189013,3.284,4.800,15.763
41242,3,154573,184383,3.284,4.800,15.763
41282,3,150022,175327,3.292,4.800,15.802
41322,3,134993,146171,3.292,4.800,15.802
41362,3,133860,121187,3.292,4.800,15.802
41402,3,124518,105751,3.296,4.700,15.491
41442,3,130655,115387,3.296,4.700,15.491
41482,3,137915,128358,3.296,11.100,36.586
41522,3,138513,134222,3.296,11.100,36.586
41562,3,133674,139314,3.296,11.100,36.586
41602,3,132730,137406,3.292,6.200,20.410
41642,3,143495,133061,3.292,6.200,20.410
41682,3,97896,84800,3.252,5.400,17.561
41722,3,77152,66581,3.252,5.400,17.561
41762,3,126499,114576,3.252,5.400,17.561
41802,3,131211,135553,3.292,5.400,17.777
41842,3,131407,137524,3.292,5.400,17.777
41882,3,130933,136574,3.276,4.900,16.052
41922,3,130877,135690,3.276,4.900,16.052
41962,3,131372,135983,3.276,4.900,16.052
42002,3,132372,137503,3.292,4.400,14.485
42042,3,132734,138286,3.292,4.400,14.485
42082,3,132599,138492,3.292,17.900,58.927
42122,3,134113,140992,3.292,17.900,58.927
42162,3,136962,142926,3.292,17.900,58.927
42202,3,135311,139764,3.292,4.800,15.802
42242,3,135353,139496,3.292,4.800,15.802
42282,3,136907,141891,3.292,7.500,24.690
42322,3,138647,145731,3.292,7.500,24.690
42362,3,141347,151707,3.292,7.500,24.690
42402,3,146240,162466,3.292,5.100,16.789
42442,3,149469,169863,3.292,5.100,16.789
42483,3,152216,175958,3.256,5.100,16.606
42523,3,153819,179183,3.256,5.100,16.606
42563,3,154580,180668,3.256,5.100,16.606
42602,3,155785,183352,3.276,5.100,16.708
42642,3,157004,186052,3.276,5.100,16.708
42683,3,157908,188139,3.288,5.000,16.440
42723,3,158419,189530,3.288,5.000,16.440
42763,3,158373,189233,3.288,5.000,16.440
42803,3,158293,188793,3.292,4.500,14.814
42843,3,158223,188537,3.292,4.500,14.814
42882,3,158155,188297,3.292,15.800,52.014
42922,3,158059,188069,3.292,15.800,52.014
42962,3,157614,187059,3.292,15.800,52.014
43003,3,156892,185394,3.292,9.700,31.932
43043,3,156337,184157,3.292,9.700,31.932
43083,3,156007,183446,3.252,4.900,15.935
43123,3,156137,183659,3.252,4.900,15.935
43163,3,156343,183961,3.252,4.900,15.935
43203,3,156815,185004,3.296,5.200,17.139
43243,3,158188,187899,3.296,5.200,17.139
43283,3,159648,190823,3.264,10.000,32.640
43323,3,160191,191908,3.264,10.000,32.640
43363,3,159925,191522,3.264,10.000,32.640
43403,3,160166,192158,3.284,4.700,15.435
43443,3,160365,192749,3.284,4.700,15.435
43483,3,160417,193117,3.288,19.200,63.130
43523,3,160635,193771,3.288,19.200,63.130
43563,3,160752,194085,3.288,19.200,63.130
43603,3,160733,194034,3.292,4.800,15.802
43643,3,160496,193543,3.292,4.800,15.802
43683,3,160162,192829,3.268,11.900,38.889
43723,3,159955,192340,3.268,11.900,38.889
43763,3,160084,192691,3.268,11.900,38.889
43803,3,160389,193460,3.292,5.000,16.460
43843,3,160345,193399,3.292,5.000,16.460
43883,3,160015,192574,3.296,5.000,16.480
43923,3,159470,191262,3.296,5.000,16.480
43963,3,158368,188764,3.296,5.000,16.480
44003,3,156725,185032,3.296,5.000,16.480
44043,3,155308,181757,3.296,5.000,16.480
44083,3,154354,179401,3.292,5.100,16.789
44123,3,154005,178467,3.292,5.100,16.789
44163,3,154886,180584,3.292,5.100,16.789
44203,3,156386,183971,3.292,4.300,14.156
44243,3,157757,187124,3.292,4.300,14.156
44283,3,159037,190204,3.292,4.800,15.802
44323,3,159989,192650,3.292,4.800,15.802
44363,3,160472,193966,3.292,4.800,15.802
44403,3,160731,194808,3.292,4.600,15.143
44443,3,160615,194578,3.292,4.600,15.143
44483,3,160251,193399,3.288,4.900,16.111
44523,3,159940,192479,3.288,4.900,16.111
44563,3,158716,189508,3.288,4.900,16.111
44603,3,157714,187253,3.296,5.300,17.469
44643,3,157583,187027,3.296,5.300,17.469
44683,3,157498,186828,3.256,5.000,16.280
44723,3,157352,186510,3.256,5.000,16.280
44763,3,157099,186052,3.256,5.000,16.280
44803,3,157888,188017,3.272,4.800,15.706
44843,3,158591,189744,3.272,4.800,15.706
44883,3,159243,191199,3.288,5.100,16.769
44923,3,159514,191839,3.288,5.100,16.769
44963,3,158937,190555,3.288,5.100,16.769
45003,3,157768,187738,3.288,4.600,15.125
45043,3,156334,184062,3.288,4.600,15.125
45083,3,154082,178374,3.292,5.000,16.460
45123,3,151355,172182,3.292,5.000,16.460
45163,3,149522,168044,3.292,5.000,16.460
45203,3,148851,166727,3.296,5.000,16.480
45243,3,150452,171030,3.296,5.000,16.480
45283,3,153640,178727,3.292,5.100,16.789
45323,3,156364,184717,3.292,5.100,16.789
45363,3,158173,188368,3.292,5.100,16.789
45403,3,159970,191675,3.296,5.000,16.480
45443,3,161761,194985,3.296,5.000,16.480
45484,3,163430,197120,3.268,5.000,16.340
45524,3,163767,197643,3.268,5.000,16.340
45564,3,163071,195903,3.268,5.000,16.340
45603,3,162347,194337,3.280,4.800,15.744
45643,3,160101,188849,3.280,4.800,15.744
45683,3,157054,181612,3.292,5.000,16.460
45723,3,152918,173275,3.292,5.000,16.460
45763,3,150332,168352,3.292,5.000,16.460
45804,3,147126,162578,3.292,4.500,14.814
45844,3,139991,151112,3.292,4.500,14.814
45883,3,142101,143486,3.272,12.300,40.246
45923,3,144461,142336,3.272,12.300,40.246
45963,3,138630,131668,3.272,12.300,40.246
46004,3,131207,120153,3.296,7.700,25.379
46044,3,124386,110031,3.296,7.700,25.379
46084,3,123521,108815,3.252,5.300,17.236
46124,3,131512,120846,3.252,5.300,17.236
46164,3,134143,125620,3.252,5.300,17.236
46203,3,134374,127853,3.292,5.500,18.106
46244,3,134822,134623,3.292,5.500,18.106
46284,3,133939,133169,3.276,5.100,16.708
46324,3,130266,120876,3.276,5.100,16.708
46364,3,113222,94765,3.276,5.100,16.708
46404,3,94061,75505,3.292,4.500,14.814
46444,3,98210,80154,3.292,4.500,14.814
46484,3,106552,89023,3.292,18.600,61.231
46524,3,107516,89737,3.292,18.600,61.231
46564,3,108270,90096,3.292,18.600,61.231
46604,3,113678,95555,3.292,5.100,16.789
46644,3,71432,51866,3.292,5.100,16.789
46684,3,80453,61505,3.264,9.000,29.376
46724,3,83772,67466,3.264,9.000,29.376
46764,3,125218,109274,3.264,9.000,29.376
46804,3,130331,133868,3.292,5.000,16.460
46844,3,131168,137253,3.292,5.000,16.460
46884,3,124373,125985,3.252,5.300,17.236
46924,3,121735,120336,3.252,5.300,17.236
46964,3,78940,61393,3.252,5.300,17.236
47004,3,33882,29830,3.268,4.600,15.033
47044,3,18152,18513,3.268,4.600,15.033
47084,3,60912,62681,3.268,17.900,58.497
47124,3,125217,129050,3.268,17.900,58.497
47164,3,134320,142870,3.268,17.900,58.497
47204,3,133602,136754,3.288,4.900,16.111
47244,3,141175,130857,3.288,4.900,16.111
47284,3,143767,136049,3.276,12.500,40.950
47324,3,149302,139992,3.276,12.500,40.950
47364,3,149133,137087,3.276,12.500,40.950
47404,3,145480,133091,3.220,4.500,14.490
47444,3,130183,130427,3.220,4.500,14.490
47484,3,120291,107149,3.288,5.000,16.440
47524,3,134367,138752,3.288,5.000,16.440
47564,3,130765,134329,3.288,5.000,16.440
47604,3,85515,71613,3.272,4.500,14.724
47644,3,66767,66538,3.272,4.500,14.724
47684,3,131630,130108,3.284,4.900,16.092
47724,3,139936,146953,3.284,4.900,16.092
47764,3,143365,156701,3.284,4.900,16.092
47804,3,142365,155163,3.280,5.400,17.712
47844,3,108170,95667,3.280,5.400,17.712
47884,3,128361,116424,3.288,4.900,16.111
47924,3,134846,139625,3.288,4.900,16.111
47964,3,135428,142360,3.288,4.900,16.111
48004,3,132184,138833,3.280,4.600,15.088
48044,3,133516,141220,3.280,4.600,15.088
48084,3,136837,145742,3.284,4.900,16.092
48124,3,136963,145825,3.284,4.900,16.092
48164,3,135695,143633,3.284,4.900,16.092
48204,3,133842,138466,3.284,4.800,15.763
48244,3,131199,121549,3.284,4.800,15.763
48284,3,80821,62180,3.284,7.100,23.316
48324,3,27019,21531,3.284,7.100,23.316
48364,3,21518,16178,3.284,7.100,23.316
48404,3,18213,13713,3.288,5.300,17.426
48444,3,50005,46510,3.288,5.300,17.426
48484,3,114168,115830,3.252,5.400,17.561
48524,3,136911,151383,3.252,5.400,17.561
48564,3,142337,163529,3.252,5.400,17.561
48604,3,141946,161681,3.284,4.400,14.450
48644,3,136735,148873,3.284,4.400,14.450
48684,3,81618,74608,3.284,4.700,15.435
48724,3,51427,48369,3.284,4.700,15.435
48764,3,114342,115881,3.284,4.700,15.435
48804,3,134539,142731,3.284,4.900,16.092
48844,3,134628,142750,3.284,4.900,16.092
48885,3,140042,148350,3.284,5.100,16.748
48925,3,144275,156078,3.284,5.100,16.748
48965,3,149308,166433,3.284,5.100,16.748
49004,3,153573,171226,3.288,4.900,16.111
49044,3,117811,122451,3.288,4.900,16.111
49084,3,90545,77931,3.256,4.900,15.954
49124,3,95869,79813,3.256,4.900,15.954
49164,3,124307,126624,3.256,4.900,15.954
49205,3,123256,136682,3.284,4.500,14.778
49245,3,121683,133590,3.284,4.500,14.778
49284,3,78232,88967,3.284,17.500,57.470
49324,3,124085,119730,3.284,17.500,57.470
49364,3,113460,94206,3.284,17.500,57.470
49405,3,127078,115104,3.288,11.300,37.154
49445,3,136794,133066,3.288,11.300,37.154
49485,3,133105,123309,3.228,5.300,17.108
49525,3,84459,63474,3.228,5.300,17.108
49565,3,28576,20776,3.228,5.300,17.108
49605,3,35983,32170,3.292,5.000,16.460
49645,3,99380,99480,3.292,5.000,16.460
49685,3,136106,141203,3.256,12.000,39.072
49725,3,136931,140221,3.256,12.000,39.072
49765,3,140397,137855,3.256,12.000,39.072
49805,3,141659,135873,3.284,4.700,15.435
49845,3,141596,130051,3.284,4.700,15.435
49885,3,138605,122254,3.284,17.500,57.470
49925,3,132253,113630,3.284,17.500,57.470
49965,3,120286,100225,3.284,17.500,57.470
50005,3,105476,85476,3.284,11.500,37.766
50045,3,106719,87291,3.284,11.500,37.766
50085,3,94970,76382,3.228,5.300,17.108
50125,3,111025,95119,3.228,5.300,17.108
50165,3,133847,128204,3.228,5.300,17.108
50205,3,133826,139568,3.292,5.100,16.789
50245,3,133646,142352,3.292,5.100,16.789
50285,3,135829,147237,3.260,12.400,40.424
50325,3,140071,156898,3.260,12.400,40.424
50365,3,145094,167963,3.260,12.400,40.424
50405,3,146838,172952,3.284,4.500,14.778
50445,3,147800,176525,3.284,4.500,14.778
50485,3,148751,179392,3.284,17.900,58.784
50525,3,149381,181095,3.284,17.900,58.784
50565,3,149729,182288,3.284,17.900,58.784
50605,3,150219,183225,3.284,4.900,16.092
50645,3,150486,183720,3.284,4.900,16.092
50685,3,150450,183439,3.232,5.700,18.422
50725,3,150153,182349,3.232,5.700,18.422
50766,3,150291,181537,3.232,6.000,19.392
50805,3,150669,180856,3.232,6.000,19.392
50845,3,148371,176107,3.232,6.000,19.392
50885,3,145240,170358,3.252,11.900,38.699
50925,3,148192,173985,3.252,11.900,38.699
50966,3,146267,169989,3.284,18.700,61.411
51005,3,134540,149625,3.284,18.700,61.411
51045,3,125233,130647,3.284,18.700,61.411
51085,3,125303,124690,3.280,17.100,56.088
51125,3,133130,138250,3.280,17.100,56.088
51165,3,134644,141064,3.280,17.100,56.088
51205,3,127945,130786,3.288,4.800,15.782
51245,3,125803,127238,3.288,4.800,15.782
51285,3,132048,137578,3.288,5.100,16.769
51325,3,137469,147621,3.288,5.100,16.769
51365,3,141073,154712,3.288,5.100,16.769
51405,3,140698,154037,3.236,4.700,15.209
51445,3,139590,151495,3.236,4.700,15.209
51485,3,137583,147337,3.260,4.900,15.974
51525,3,150835,146452,3.260,4.900,15.974
51565,3,151220,141270,3.260,4.900,15.974
51605,3,148945,140002,3.284,4.700,15.435
51645,3,147558,140999,3.284,4.700,15.435
51685,3,142010,143468,3.288,17.000,55.896
51725,3,138227,140832,3.288,17.000,55.896
51765,3,135986,138181,3.288,17.000,55.896
51805,3,129738,132955,3.288,4.500,14.796
51845,3,138565,140836,3.288,4.500,14.796
51885,3,132378,136846,3.284,4.900,16.092
51925,3,131014,136365,3.284,4.900,16.092
51965,3,131318,136873,3.284,4.900,16.092
52005,3,131175,135953,3.288,4.900,16.111
52045,3,136615,142404,3.288,4.900,16.111
52085,3,141171,149100,3.264,4.900,15.994
52125,3,142093,151079,3.264,4.900,15.994
52165,3,142746,153089,3.264,4.900,15.994
52205,3,143865,155742,3.284,4.500,14.778
52245,3,144390,156561,3.284,4.500,14.778
52286,3,143810,155065,3.284,15.200,49.917
52326,3,105487,94732,3.284,15.200,49.917
52366,3,34620,34522,3.284,15.200,49.917
52405,3,31022,36440,3.284,4.300,14.121
52445,3,82748,97066,3.284,4.300,14.121
52485,3,74579,90421,3.228,4.900,15.817
52525,3,125735,136102,3.228,4.900,15.817
52565,3,132275,139290,3.228,4.900,15.817
52606,3,129822,137317,3.292,5.000,16.460
52646,3,137244,143435,3.292,5.000,16.460
52685,3,142426,150218,3.276,4.800,15.725
52725,3,144931,154551,3.276,4.800,15.725
52765,3,142002,157298,3.276,4.800,15.725
52806,3,144566,162952,3.288,4.500,14.796
52846,3,147936,162555,3.288,4.500,14.796
52886,3,145696,159462,3.268,14.100,46.079
52925,3,144250,159655,3.268,14.100,46.079
52965,3,144507,162045,3.268,14.100,46.079
53006,3,145997,165995,3.292,8.300,27.324
53046,3,146995,168098,3.292,8.300,27.324
53086,3,146143,165992,3.228,5.300,17.108
53126,3,145924,165571,3.228,5.300,17.108
53166,3,144366,161715,3.228,5.300,17.108
53205,3,149049,152824,3.288,4.700,15.454
53246,3,80412,63296,3.288,4.700,15.454
53286,3,58402,48555,3.280,4.900,16.072
53326,3,115915,99486,3.280,4.900,16.072
53366,3,145487,159298,3.280,4.900,16.072
53406,3,150434,176905,3.284,4.400,14.450
53446,3,149541,173815,3.284,4.400,14.450
53486,3,149539,168009,3.292,12.800,42.138
53526,3,109509,96711,3.292,12.800,42.138
53566,3,69967,58244,3.292,12.800,42.138
53606,3,115894,115863,3.288,6.700,22.030
53646,3,153195,168667,3.288,6.700,22.030
53686,3,156409,179538,3.232,5.400,17.453
53726,3,160130,186819,3.232,5.400,17.453
53766,3,162172,192433,3.232,5.400,17.453
53806,3,158201,189916,3.288,5.100,16.769
53846,3,156074,187118,3.288,5.100,16.769
53886,3,154265,183903,3.284,17.400,57.142
53926,3,153259,181230,3.284,17.400,57.142
53966,3,149334,173199,3.284,17.400,57.142
54006,3,150500,171126,3.284,4.300,14.121
54046,3,153372,174745,3.284,4.300,14.121
54086,3,151184,168942,3.264,12.600,41.126
54126,3,146247,160868,3.264,12.600,41.126
54166,3,135965,154753,3.264,12.600,41.126
54206,3,122274,142514,3.288,6.100,20.057
54246,3,60500,75386,3.288,6.100,20.057
54286,3,49186,66768,3.236,5.200,16.827
54326,3,75276,96702,3.236,5.200,16.827
54366,3,94250,111936,3.236,5.200,16.827
54406,3,136899,155617,3.260,4.700,15.322
54446,3,147973,165293,3.260,4.700,15.322
54486,3,108296,106589,3.284,17.500,57.470
54526,3,114418,98730,3.284,17.500,57.470
54566,3,149377,160221,3.284,17.500,57.470
54606,3,152524,177769,3.288,4.500,14.796
54646,3,154342,182117,3.288,4.500,14.796
54686,3,153860,180603,3.284,4.700,15.435
54726,3,141565,152525,3.284,4.700,15.435
54766,3,109835,97022,3.284,4.700,15.435
54806,3,146966,158996,3.288,4.600,15.125
54846,3,152722,175709,3.288,4.600,15.125
54886,3,155384,182956,3.288,5.100,16.769
54926,3,156669,187478,3.288,5.100,16.769
54966,3,157516,189827,3.288,5.100,16.769
55006,3,158128,191294,3.260,4.800,15.648
55046,3,158567,192451,3.260,4.800,15.648
55086,3,158856,193027,3.284,5.000,16.420
55126,3,159130,193232,3.284,5.000,16.420
55166,3,98245,92501,3.284,5.000,16.420
55206,3,52661,55647,3.288,4.400,14.467
55246,3,115861,115945,3.288,4.400,14.467
55286,3,147003,172652,3.288,12.600,41.429
55326,3,149254,183657,3.288,12.600,41.429
55366,3,150341,185797,3.288,12.600,41.429
55406,3,149244,183935,3.292,6.600,21.727
55446,3,152350,177906,3.292,6.600,21.727
55486,3,161570,168329,3.236,4.800,15.533
55526,3,128146,120496,3.236,4.800,15.533
55566,3,64754,57465,3.236,4.800,15.533
55606,3,69110,63615,3.292,4.600,15.143
55646,3,89566,82124,3.292,4.600,15.143
55686,3,84156,76456,3.280,4.900,16.072
55726,3,91501,83352,3.280,4.900,16.072
55766,3,104617,95574,3.280,4.900,16.072
55806,3,124813,117335,3.284,4.300,14.121
55846,3,135997,130126,3.284,4.300,14.121
55886,3,130734,123328,3.288,12.600,41.429
55926,3,122362,114421,3.288,12.600,41.429
55966,3,138314,134464,3.288,12.600,41.429
56006,3,153244,159349,3.292,6.100,20.081
56046,3,153452,165630,3.292,6.100,20.081
56087,3,152419,163363,3.236,4.700,15.209
56127,3,150946,159916,3.236,4.700,15.209
56167,3,148230,153058,3.236,4.700,15.209
56206,3,146718,149187,3.288,4.600,15.125
56246,3,146245,147688,3.288,4.600,15.125
56286,3,142651,140426,3.284,4.900,16.092
56326,3,138929,134163,3.284,4.900,16.092
56367,3,151568,154542,3.284,4.900,16.092
56406,3,147228,137042,3.284,4.300,14.121
56446,3,126415,109588,3.284,4.300,14.121
56486,3,142921,135078,3.284,11.900,39.080
56526,3,145373,141858,3.284,11.900,39.080
56566,3,133503,118228,3.284,11.900,39.080
56607,3,104076,88913,3.284,5.300,17.405
56647,3,86657,78090,3.284,5.300,17.405
56686,3,91559,84099,3.240,5.100,16.524
56727,3,100828,94632,3.240,5.100,16.524
56767,3,91557,85496,3.240,5.100,16.524
56806,3,77095,72406,3.292,5.000,16.460
56847,3,76717,71882,3.292,5.000,16.460
56887,3,57933,55740,3.284,4.800,15.763
56927,3,32025,34332,3.284,4.800,15.763
56967,3,32511,35563,3.284,4.800,15.763
57007,3,49466,49452,3.288,4.200,13.810
57047,3,65021,57094,3.288,4.200,13.810
57087,3,53889,46207,3.264,11.700,38.189
57127,3,48315,40323,3.264,11.700,38.189
57167,3,48784,45101,3.264,11.700,38.189
57207,3,7500,9198,3.288,5.100,16.769
57247,3,11197,13172,3.288,5.100,16.769
57287,3,40758,36550,3.244,4.800,15.571
57327,3,55869,42544,3.244,4.800,15.571
57367,3,65981,49333,3.244,4.800,15.571
57407,3,88239,73508,3.288,4.700,15.454
57447,3,37479,38831,3.288,4.700,15.454
57487,3,53286,44185,3.288,18.500,60.828
57527,3,105165,92745,3.288,18.500,60.828
57567,3,87661,70763,3.288,18.500,60.828
57607,3,103287,87585,3.284,4.400,14.450
57647,3,114498,98069,3.284,4.400,14.450
57687,3,103225,84791,3.264,11.400,37.210
57727,3,80946,61874,3.264,11.400,37.210
57767,3,16033,10961,3.264,11.400,37.210
57807,3,16357,14986,3.288,5.500,18.084
57847,3,46679,39921,3.288,5.500,18.084
57887,3,74725,61193,3.244,4.900,15.896
57927,3,49614,44830,3.244,4.900,15.896
57967,3,24923,27860,3.244,4.900,15.896
58007,3,52848,51069,3.288,4.800,15.782
58047,3,87951,79120,3.288,4.800,15.782
58087,3,19989,23869,3.288,4.800,15.782
58127,3,14704,19749,3.288,4.800,15.782
58167,3,38915,47541,3.288,4.800,15.782
58207,3,35626,43396,3.288,4.400,14.467
58247,3,18552,23426,3.288,4.400,14.467
58287,3,27094,33723,3.288,4.700,15.454
58327,3,77509,73048,3.288,4.700,15.454
58367,3,32026,26641,3.288,4.700,15.454
58407,3,50158,44081,3.292,4.500,14.814
58447,3,68421,52789,3.292,4.500,14.814
58487,3,70053,52397,3.288,5.100,16.769
58527,3,86164,68868,3.288,5.100,16.769
58567,3,86755,68803,3.288,5.100,16.769
58607,3,57617,48684,3.292,5.000,16.460
58647,3,50828,44732,3.292,5.000,16.460
58687,3,63899,55237,3.292,4.800,15.802
58727,3,64615,56055,3.292,4.800,15.802
58767,3,63728,56220,3.292,4.800,15.802
58807,3,62932,56834,3.288,4.400,14.467
58847,3,65289,60998,3.288,4.400,14.467
58887,3,79632,75431,3.288,4.900,16.111
58927,3,89855,82364,3.288,4.900,16.111
58967,3,96069,82386,3.288,4.900,16.111
59007,3,101658,90168,3.288,5.000,16.440
59047,3,119859,109987,3.288,5.000,16.440
59087,3,135886,126307,3.288,5.500,18.084
59127,3,113408,102385,3.288,5.500,18.084
59167,3,112683,100687,3.288,5.500,18.084
59207,3,112846,96352,3.292,5.000,16.460
59247,3,104620,88964,3.292,5.000,16.460
59287,3,110452,96304,3.276,4.900,16.052
59327,3,117201,104989,3.276,4.900,16.052
59367,3,115122,101923,3.276,4.900,16.052
59407,3,101885,87259,3.284,4.500,14.778
59447,3,98236,85492,3.284,4.500,14.778
59487,3,108344,95979,3.288,15.200,49.978
59527,3,121474,109759,3.288,15.200,49.978
59567,3,108244,90532,3.288,15.200,49.978
59607,3,85072,68856,3.292,4.300,14.156
59647,3,134522,120822,3.292,4.300,14.156
59687,3,133599,119941,3.288,4.800,15.782
59727,3,127886,119326,3.288,4.800,15.782
59767,3,137133,142469,3.288,4.800,15.782
59807,3,138680,146817,3.292,5.300,17.448
59847,3,139984,152114,3.292,5.300,17.448
59887,3,141372,156236,3.276,5.200,17.035
59927,3,139343,151070,3.276,5.200,17.035
59967,3,144471,138837,3.276,5.200,17.035
60007,3,98746,94208,3.288,4.200,13.810
60047,3,132857,132409,3.288,4.200,13.810
60087,3,132445,144895,3.288,4.700,15.454
60127,3,133519,148990,3.288,4.700,15.454
60167,3,133309,149005,3.288,4.700,15.454
60207,3,132523,147606,3.292,10.200,33.578
60247,3,133996,149061,3.292,10.200,33.578
60287,3,134532,149490,3.240,4.600,14.904
60328,3,137508,153152,3.240,4.600,14.904
60368,3,142246,160790,3.240,4.600,14.904
60407,3,144715,165079,3.288,4.800,15.782
60447,3,149660,174411,3.288,4.800,15.782
60487,3,151800,178708,3.268,4.900,16.013
60527,3,150821,176578,3.268,4.900,16.013
60567,3,149226,173286,3.268,4.900,16.013
60608,3,147895,170541,3.288,4.400,14.467
60648,3,146429,167312,3.288,4.400,14.467
60687,3,145864,165904,3.292,16.600,54.647