191,3,83035,82976,3.264,5.700,18.605
231,3,140038,148562,3.264,5.700,18.605
271,3,147455,174614,3.184,5.700,18.149
311,3,147127,173837,3.184,5.700,18.149
351,3,146966,173447,3.184,5.700,18.149
392,3,146955,173516,3.252,5.100,16.585
432,3,147112,173924,3.252,5.100,16.585
471,3,147272,174340,3.160,8.300,26.228
511,3,147435,174741,3.160,8.300,26.228
551,3,147666,175257,3.160,8.300,26.228
591,3,147852,175673,3.176,5.300,16.833
631,3,147945,175926,3.176,5.300,16.833
672,3,148027,176130,3.252,5.300,17.236
712,3,148112,176396,3.252,5.300,17.236
752,3,148180,176548,3.252,5.300,17.236
791,3,148246,176779,3.260,8.700,28.362
831,3,148241,176765,3.260,8.700,28.362
871,3,147872,175814,3.164,5.300,16.769
911,3,147519,174937,3.164,5.300,16.769
951,3,147456,174742,3.164,5.300,16.769
991,3,147447,174724,3.252,5.000,16.260
1031,3,147448,174797,3.252,5.000,16.260
1071,3,147512,174987,3.252,10.100,32.845
1111,3,147495,175029,3.252,10.100,32.845
1151,3,147433,174916,3.252,10.100,32.845
1192,3,147410,174900,3.156,5.200,16.411
1232,3,147494,175077,3.156,5.200,16.411
1271,3,147617,175420,3.252,5.300,17.236
1311,3,147793,175847,3.252,5.300,17.236
1351,3,147974,176302,3.252,5.300,17.236
1391,3,148122,176668,3.256,11.700,38.095
1432,3,148268,177039,3.256,11.700,38.095
1471,3,148173,176790,3.144,5.400,16.978
1511,3,147814,175833,3.144,5.400,16.978
1551,3,147583,175216,3.144,5.400,16.978
1591,3,147538,175134,3.244,5.100,16.544
1631,3,147582,175301,3.244,5.100,16.544
1672,3,147710,175691,3.256,12.900,42.002
1712,3,147800,175943,3.256,12.900,42.002
1752,3,147822,176030,3.256,12.900,42.002
1791,3,147762,175941,3.136,5.700,17.875
1831,3,147740,175882,3.136,5.700,17.875
1872,3,147765,176000,3.228,5.200,16.786
1912,3,147932,176401,3.228,5.200,16.786
1952,3,148112,176870,3.228,5.200,16.786
1991,3,148277,177294,3.252,14.400,46.829
2031,3,148439,177714,3.252,14.400,46.829
2071,3,148527,177932,3.136,5.700,17.875
2111,3,148275,177294,3.136,5.700,17.875
2151,3,147782,176045,3.136,5.700,17.875
2192,3,147434,175174,3.220,5.000,16.100
2232,3,147301,174882,3.220,5.000,16.100
2271,3,147286,174904,3.252,16.300,53.008
2311,3,147345,175107,3.252,16.300,53.008
2351,3,147434,175365,3.252,16.300,53.008
2392,3,147450,175425,3.140,5.500,17.270
2432,3,147455,175432,3.140,5.500,17.270
2471,3,147568,175749,3.204,5.400,17.302
2511,3,147708,176060,3.204,5.400,17.302
2551,3,147793,176246,3.204,5.400,17.302
2591,3,147915,176536,3.256,17.700,57.631
2632,3,147992,176775,3.256,17.700,57.631
2672,3,148035,176874,3.152,6.200,19.542
2711,3,148077,177013,3.152,6.200,19.542
2751,3,147953,176644,3.152,6.200,19.542
2791,3,147452,175421,3.188,5.200,16.578
2831,3,147060,174438,3.188,5.200,16.578
2872,3,146945,174206,3.252,5.200,16.910
2912,3,146979,174295,3.252,5.200,16.910
2952,3,147073,174584,3.252,5.200,16.910
2991,3,147228,174955,3.168,8.200,25.978
3031,3,147338,175228,3.168,8.200,25.978
3071,3,147479,175525,3.176,5.400,17.150
3111,3,147590,175762,3.176,5.400,17.150
3151,3,147661,175957,3.176,5.400,17.150
3192,3,147726,176177,3.252,5.100,16.585
3232,3,147832,176410,3.252,5.100,16.585
3271,3,147841,176473,3.184,10.100,32.158
3311,3,147899,176625,3.184,10.100,32.158
3351,3,147991,176867,3.184,10.100,32.158
3392,3,148091,177110,3.160,5.200,16.432
3432,3,147893,176612,3.160,5.200,16.432
3471,3,147464,175486,3.248,18.800,61.062
3511,3,147146,174707,3.248,18.800,61.062
3551,3,146976,174343,3.248,18.800,61.062
3592,3,146940,174310,3.252,12.700,41.300
3632,3,147057,174632,3.252,12.700,41.300
3672,3,147230,175061,3.144,5.200,16.349
3712,3,147322,175278,3.144,5.200,16.349
3752,3,147361,175363,3.144,5.200,16.349
3791,3,147405,175469,3.232,5.000,16.160
3831,3,147463,175627,3.232,5.000,16.160
3872,3,147564,175889,3.220,14.700,47.334
3912,3,147648,176104,3.220,14.700,47.334
3952,3,147636,176083,3.220,14.700,47.334
3991,3,147642,176101,3.140,5.300,16.642
4031,3,147675,176232,3.140,5.300,16.642
4072,3,147663,176194,3.212,5.100,16.381
4112,3,147374,175533,3.212,5.100,16.381
4152,3,147044,174672,3.212,5.100,16.381
4192,3,146754,173981,3.240,17.500,56.700
4232,3,146599,173633,3.240,17.500,56.700
4271,3,146666,173860,3.148,6.000,18.888
4312,3,146807,174213,3.148,6.000,18.888
4352,3,146946,174586,3.148,6.000,18.888
4392,3,147099,174925,3.188,4.900,15.621
4432,3,147180,175116,3.188,4.900,15.621
4472,3,147268,175281,3.252,18.700,60.812
4512,3,147327,175492,3.252,18.700,60.812
4552,3,147418,175739,3.252,18.700,60.812
4592,3,147499,176014,3.168,8.700,27.562
4632,3,147662,176394,3.168,8.700,27.562
4672,3,147757,176650,3.168,5.300,16.790
4712,3,147870,176931,3.168,5.300,16.790
4752,3,147935,177117,3.168,5.300,16.790
4792,3,147703,176547,3.252,19.200,62.438
4832,3,147377,175701,3.252,19.200,62.438
4872,3,147214,175256,3.192,10.700,34.154
4912,3,147155,175153,3.192,10.700,34.154
4952,3,147166,175249,3.192,10.700,34.154
4992,3,147219,175418,3.152,5.100,16.075
5032,3,147168,175369,3.152,5.100,16.075
5072,3,147040,175078,3.244,17.600,57.094
5112,3,146841,174662,3.244,17.600,57.094
5152,3,146797,174620,3.244,17.600,57.094
5192,3,146975,175076,3.212,13.400,43.041
5232,3,147277,175791,3.212,13.400,43.041
5272,3,147531,176458,3.140,5.100,16.014
5312,3,147767,177003,3.140,5.100,16.014
5352,3,147933,177396,3.140,5.100,16.014
5392,3,147958,177423,3.228,14.900,48.097
5432,3,147922,177355,3.228,14.900,48.097
5472,3,147970,177435,3.252,15.900,51.707
5512,3,148001,177580,3.252,15.900,51.707
5552,3,148052,177722,3.252,15.900,51.707
5592,3,148110,177897,3.136,5.400,16.934
5632,3,148150,178009,3.136,5.400,16.934
5672,3,148154,178020,3.200,5.500,17.600
5712,3,148146,178054,3.200,5.500,17.600
5752,3,148170,178108,3.200,5.500,17.600
5792,3,148216,178224,3.252,18.200,59.186
5832,3,148294,178462,3.252,18.200,59.186
5872,3,148368,178647,3.160,7.500,23.700
5912,3,148424,178784,3.160,7.500,23.700
5952,3,148493,178974,3.160,7.500,23.700
5992,3,148430,178808,3.176,5.300,16.833
6032,3,147996,177708,3.176,5.300,16.833
6072,3,147600,176675,3.256,19.200,62.515
6112,3,147461,176327,3.256,19.200,62.515
6152,3,147491,176446,3.256,19.200,62.515
6192,3,147526,176556,3.192,10.400,33.197
6232,3,147587,176750,3.192,10.400,33.197
6272,3,147663,176970,3.156,6.600,20.830
6312,3,147621,176884,3.156,6.600,20.830
6352,3,147536,176662,3.156,6.600,20.830
6392,3,147501,176585,3.248,18.000,58.464
6432,3,147486,176589,3.248,18.000,58.464
6472,3,147495,176648,3.208,13.200,42.346
6512,3,147526,176721,3.208,13.200,42.346
6552,3,147564,176871,3.208,13.200,42.346
6592,3,147524,176812,3.140,5.600,17.584
6632,3,147180,175939,3.140,5.600,17.584
6672,3,146770,174944,3.228,14.900,48.097
6712,3,146614,174562,3.228,14.900,48.097
6752,3,146623,174608,3.228,14.900,48.097
6792,3,146740,174881,3.232,16.400,53.005
6832,3,146923,175366,3.232,16.400,53.005
6872,3,147086,175746,3.144,5.500,17.292
6912,3,147128,175841,3.144,5.500,17.292
6952,3,147101,175781,3.144,5.500,17.292
6992,3,147124,175844,3.196,12.000,38.352
7032,3,147191,175995,3.196,12.000,38.352
7072,3,147252,176162,3.256,18.800,61.213
7112,3,147307,176277,3.256,18.800,61.213
7152,3,147398,176509,3.256,18.800,61.213
7192,3,147392,176473,3.164,8.100,25.628
7232,3,146971,175395,3.164,8.100,25.628
7272,3,146471,174143,3.172,9.100,28.865
7312,3,146193,173477,3.172,9.100,28.865
7352,3,146136,173350,3.172,9.100,28.865
7392,3,146157,173456,3.256,19.300,62.841
7432,3,146269,173771,3.256,19.300,62.841
7472,3,146377,174025,3.188,10.700,34.112
7512,3,146412,174115,3.188,10.700,34.112
7552,3,146436,174155,3.188,10.700,34.112
7592,3,146511,174346,3.152,6.300,19.858
7632,3,146555,174440,3.152,6.300,19.858
7672,3,146580,174530,3.248,17.100,55.541
7712,3,146607,174605,3.248,17.100,55.541
7752,3,146627,174690,3.248,17.100,55.541
7792,3,146624,174658,3.216,13.800,44.381
7832,3,146284,173842,3.216,13.800,44.381
7872,3,145784,172627,3.140,5.500,17.270
7912,3,145576,172171,3.140,5.500,17.270
7952,3,145654,172402,3.140,5.500,17.270
7992,3,145859,172981,3.220,14.000,45.080
8032,3,146108,173553,3.220,14.000,45.080
8072,3,146246,173889,3.240,16.900,54.756
8112,3,146338,174052,3.240,16.900,54.756
8152,3,146381,174142,3.240,16.900,54.756
8192,3,146468,174280,3.148,5.400,16.999
8232,3,146591,174569,3.148,5.400,16.999
8272,3,146708,174825,3.192,11.300,36.070
8312,3,146802,175074,3.192,11.300,36.070
8352,3,146903,175307,3.192,11.300,36.070
8392,3,146987,175544,3.252,19.000,61.788
8432,3,146962,175460,3.252,19.000,61.788
8472,3,146535,174375,3.172,8.700,27.596
8512,3,146012,173090,3.172,8.700,27.596
8552,3,145752,172492,3.172,8.700,27.596
8592,3,145748,172551,3.164,8.200,25.945
8632,3,145927,172980,3.164,8.200,25.945
8672,3,146120,173463,3.256,19.000,61.864
8712,3,146271,173821,3.256,19.000,61.864
8752,3,146355,173991,3.256,19.000,61.864
8792,3,146383,174009,3.200,12.100,38.720
8832,3,146408,174066,3.200,12.100,38.720
8872,3,146513,174316,3.144,5.400,16.978
8912,3,146651,174702,3.144,5.400,16.978
8952,3,146800,175093,3.144,5.400,16.978
8992,3,146962,175499,3.236,16.300,52.747
9032,3,147095,175846,3.236,16.300,52.747
9072,3,147244,176219,3.224,15.700,50.617
9112,3,147165,175986,3.224,15.700,50.617
9152,3,146840,175130,3.224,15.700,50.617
9192,3,146633,174620,3.144,5.200,16.349
9232,3,146687,174747,3.144,5.200,16.349
9272,3,146818,175049,3.204,12.600,40.370
9312,3,146981,175453,3.204,12.600,40.370
9352,3,147105,175756,3.204,12.600,40.370
9392,3,147105,175752,3.252,18.100,58.861
9432,3,147074,175610,3.252,18.100,58.861
9472,3,147059,175600,3.160,6.900,21.804
9512,3,147111,175681,3.160,6.900,21.804
9552,3,147136,175751,3.160,6.900,21.804
9592,3,147143,175790,3.176,9.400,29.854
9632,3,147187,175934,3.176,9.400,29.854
9672,3,147297,176178,3.256,19.500,63.492
9712,3,147396,176449,3.256,19.500,63.492
9752,3,147408,176474,3.256,19.500,63.492
9792,3,147074,175668,3.188,9.800,31.242
9832,3,146680,174648,3.188,9.800,31.242
9872,3,146420,174047,3.156,6.600,20.830
9912,3,146406,174020,3.156,6.600,20.830
9952,3,146572,174432,3.156,6.600,20.830
9992,3,146687,174721,3.252,17.600,57.235
10032,3,146640,174662,3.252,17.600,57.235
10072,3,146574,174483,3.216,13.600,43.738
10112,3,146562,174475,3.216,13.600,43.738
10152,3,146608,174614,3.216,13.600,43.738
10192,3,146681,174804,3.140,5.700,17.898
10232,3,146766,175014,3.140,5.700,17.898
10272,3,146849,175228,3.220,14.100,45.402
10312,3,146919,175412,3.220,14.100,45.402
10352,3,146982,175561,3.220,14.100,45.402
10392,3,147043,175751,3.244,17.000,55.148
10432,3,146971,175562,3.244,17.000,55.148
10472,3,146516,174433,3.148,5.400,16.999
10512,3,146086,173335,3.148,5.400,16.999
10552,3,145919,172963,3.148,5.400,16.999
10592,3,145930,172981,3.192,11.000,35.112
10632,3,145992,173175,3.192,11.000,35.112
10672,3,146085,173421,3.256,19.200,62.515
10712,3,146084,173464,3.256,19.200,62.515
10752,3,146038,173346,3.256,19.200,62.515
10793,3,146014,173294,3.176,8.000,25.408
10832,3,146056,173406,3.176,8.000,25.408
10872,3,146153,173636,3.164,8.200,25.945
10912,3,146283,173960,3.164,8.200,25.945
10952,3,146398,174236,3.164,8.200,25.945
10993,3,146485,174486,3.252,19.000,61.788
11033,3,146569,174679,3.252,19.000,61.788
11072,3,146623,174858,3.200,11.800,37.760
11112,3,146534,174592,3.200,11.800,37.760
11152,3,146037,173350,3.200,11.800,37.760
11193,3,145579,172256,3.140,5.400,16.956
11233,3,145477,172060,3.140,5.400,16.956
11272,3,145556,172284,3.232,16.000,51.712
11312,3,145738,172747,3.232,16.000,51.712
11352,3,145919,173188,3.232,16.000,51.712
11392,3,146024,173412,3.232,15.900,51.389
11433,3,146075,173533,3.232,15.900,51.389
11473,3,146148,173660,3.128,5.500,17.204
11513,3,146234,173867,3.128,5.500,17.204
11553,3,146335,174073,3.128,5.500,17.204
11592,3,146404,174265,3.200,11.700,37.440
11632,3,146464,174416,3.200,11.700,37.440
11673,3,146524,174571,3.256,19.300,62.841
11713,3,146591,174745,3.256,19.300,62.841
11753,3,146682,174987,3.256,19.300,62.841
11792,3,146811,175259,3.156,8.000,25.248
11832,3,146666,174908,3.156,8.000,25.248
11873,3,146166,173622,3.168,8.300,26.294
11913,3,145795,172735,3.168,8.300,26.294
11953,3,145700,172513,3.168,8.300,26.294
11993,3,145781,172751,3.256,20.700,67.399
12033,3,145937,173111,3.256,20.700,67.399
12073,3,146107,173517,3.204,12.000,38.448
12113,3,146202,173757,3.204,12.000,38.448
12153,3,146252,173858,3.204,12.000,38.448
12193,3,146307,173987,3.136,5.300,16.621
12233,3,146440,174262,3.136,5.300,16.621
12272,3,146603,174666,3.232,15.500,50.096
12313,3,146749,174974,3.232,15.500,50.096
12353,3,146830,175194,3.232,15.500,50.096
12393,3,146886,175318,3.232,16.400,53.005
12433,3,146911,175410,3.232,16.400,53.005
12473,3,146938,175489,3.132,5.300,16.600
12513,3,146938,175497,3.132,5.300,16.600
12553,3,146717,174945,3.132,5.300,16.600
12593,3,146168,173611,3.196,11.400,36.434
12633,3,145780,172670,3.196,11.400,36.434
12673,3,145766,172672,3.256,20.300,66.097
12713,3,145926,173055,3.256,20.300,66.097
12753,3,146111,173550,3.256,20.300,66.097
12793,3,146250,173943,3.164,8.800,27.843
12833,3,146247,173945,3.164,8.800,27.843
12873,3,146203,173848,3.160,7.300,23.068
12913,3,146160,173720,3.160,7.300,23.068
12953,3,146158,173701,3.160,7.300,23.068
12993,3,146153,173702,3.256,19.900,64.794
13033,3,146138,173680,3.256,19.900,64.794
13073,3,146157,173745,3.200,13.300,42.560
13113,3,146145,173771,3.200,13.300,42.560
13153,3,146240,174004,3.200,13.300,42.560
13193,3,146371,174373,3.132,5.500,17.226
13233,3,146274,174061,3.132,5.500,17.226
13273,3,145782,172857,3.220,15.600,50.232
13313,3,145388,171866,3.220,15.600,50.232
13353,3,145205,171449,3.220,15.600,50.232
13393,3,145211,171516,3.236,17.800,57.601
13433,3,145299,171802,3.236,17.800,57.601
13473,3,145396,172078,3.140,5.600,17.584
13513,3,145333,171993,3.140,5.600,17.584
13553,3,145209,171682,3.140,5.600,17.584
13593,3,145076,171388,3.184,10.800,34.387
13633,3,145036,171292,3.184,10.800,34.387
13673,3,145120,171519,3.260,20.600,67.156
13713,3,145206,171717,3.260,20.600,67.156
13753,3,145270,171910,3.260,20.600,67.156
13793,3,145340,172094,3.184,10.600,33.750
13833,3,145423,172278,3.184,10.600,33.750
13873,3,145486,172440,3.144,6.000,18.864
13913,3,145207,171715,3.144,6.000,18.864
13953,3,144664,170377,3.144,6.000,18.864
13993,3,144428,169819,3.240,17.700,57.348
14033,3,144468,169935,3.240,17.700,57.348
14073,3,144575,170198,3.228,16.000,51.648
14113,3,144774,170676,3.228,16.000,51.648
14153,3,144982,171187,3.228,16.000,51.648
14193,3,145029,171268,3.132,5.200,16.286
14233,3,144950,171071,3.132,5.200,16.286
14273,3,144868,170887,3.260,12.600,41.076
14313,3,144807,170751,3.260,12.600,41.076
14353,3,144752,170641,3.260,12.600,41.076
14393,3,144721,170595,3.256,20.300,66.097
14433,3,144777,170736,3.256,20.300,66.097
14473,3,144979,171271,3.168,9.000,28.512
14513,3,145328,172056,3.168,9.000,28.512
14553,3,145402,172137,3.168,9.000,28.512
14593,3,144925,170954,3.156,7.600,23.986
14633,3,144493,169927,3.156,7.600,23.986
14673,3,144474,169889,3.260,19.700,64.222
14713,3,144549,170056,3.260,19.700,64.222
14753,3,144574,170124,3.260,19.700,64.222
14793,3,144616,170255,3.212,14.500,46.574
14833,3,144691,170424,3.212,14.500,46.574
14873,3,144666,170331,3.128,5.800,18.142
14913,3,144642,170258,3.128,5.800,18.142
14953,3,144749,170505,3.128,5.800,18.142
14993,3,144905,170836,3.260,14.500,47.270
15033,3,145066,171200,3.260,14.500,47.270
15073,3,145257,171646,3.248,18.800,61.062
15113,3,145384,171953,3.248,18.800,61.062
15153,3,145507,172252,3.248,18.800,61.062
15193,3,145480,172178,3.148,4.800,15.110
15233,3,145058,171134,3.148,4.800,15.110
15273,3,144556,169944,3.176,10.100,32.078
15313,3,144319,169377,3.176,10.100,32.078
15353,3,144346,169466,3.176,10.100,32.078
15393,3,144604,170082,3.260,20.600,67.156
15433,3,144890,170731,3.260,20.600,67.156
15473,3,145002,171009,3.188,11.200,35.706
15513,3,145076,171158,3.188,11.200,35.706
15553,3,145145,171277,3.188,11.200,35.706
15593,3,145166,171338,3.144,5.900,18.550
15633,3,145180,171371,3.144,5.900,18.550
15673,3,145220,171459,3.260,18.200,59.332
15713,3,145282,171628,3.260,18.200,59.332
15753,3,145241,171573,3.260,18.200,59.332
15793,3,145252,171624,3.220,15.300,49.266
15833,3,145262,171676,3.220,15.300,49.266
15873,3,144866,170678,3.128,5.000,15.640
15913,3,144236,169200,3.128,5.000,15.640
15953,3,143971,168577,3.128,5.000,15.640
15993,3,143909,168459,3.264,13.800,45.043
16033,3,144009,168665,3.264,13.800,45.043
16073,3,144151,169055,3.252,19.000,61.788
16113,3,144277,169362,3.252,19.000,61.788
16153,3,144252,169329,3.252,19.000,61.788
16193,3,144206,169188,3.152,4.800,15.130
16233,3,144141,169058,3.152,4.800,15.130
16273,3,144149,169048,3.260,9.500,30.970
16313,3,144211,169235,3.260,9.500,30.970
16353,3,144361,169584,3.260,9.500,30.970
16394,3,144472,169853,3.260,20.800,67.808
16434,3,144594,170137,3.260,20.800,67.808
16473,3,144697,170422,3.192,4.900,15.641
16513,3,144485,169871,3.192,4.900,15.641
16553,3,143930,168545,3.192,4.900,15.641
16593,3,143612,167759,3.260,5.400,17.604
16633,3,143528,167598,3.260,5.400,17.604
16674,3,143622,167838,3.260,17.200,56.072
16713,3,143789,168290,3.260,17.200,56.072
16753,3,143868,168515,3.260,17.200,56.072
16793,3,143824,168432,3.228,4.900,15.817
16833,3,143742,168249,3.228,4.900,15.817
16874,3,143659,168070,3.128,4.800,15.014
16914,3,143781,168356,3.128,4.800,15.014
16954,3,143932,168703,3.128,4.800,15.014
16993,3,144035,168919,3.260,12.900,42.054
17033,3,144230,169399,3.260,12.900,42.054
17074,3,144433,169877,3.260,19.700,64.222
17114,3,144344,169666,3.260,19.700,64.222
17154,3,143727,168232,3.260,19.700,64.222
17193,3,143126,166773,3.264,4.500,14.688
17233,3,142799,166060,3.264,4.500,14.688
17274,3,142648,165723,3.260,8.900,29.014
17314,3,142673,165850,3.260,8.900,29.014
17354,3,142979,166587,3.260,8.900,29.014
17394,3,143270,167328,3.260,20.300,66.178
17434,3,143439,167659,3.260,20.300,66.178
17473,3,143450,167656,3.196,4.700,15.021
17513,3,143510,167781,3.196,4.700,15.021
17553,3,143629,168035,3.196,4.700,15.021
17594,3,143622,168044,3.264,4.500,14.688
17634,3,143550,167917,3.264,4.500,14.688
17674,3,143307,167395,3.260,16.200,52.812
17714,3,143082,166903,3.260,16.200,52.812
17754,3,142740,166135,3.260,16.200,52.812
17794,3,142389,165323,3.240,4.600,14.904
17834,3,142310,165129,3.240,4.600,14.904
17874,3,142413,165354,3.260,4.900,15.974
17914,3,142649,165938,3.260,4.900,15.974
17954,3,143151,167096,3.260,4.900,15.974
17994,3,143547,168027,3.260,11.000,35.860
18034,3,143575,168061,3.260,11.000,35.860
18074,3,143530,167935,3.260,4.800,15.648
18114,3,143423,167729,3.260,4.800,15.648
18154,3,143264,167371,3.260,4.800,15.648
18194,3,143276,167413,3.260,4.800,15.648
18234,3,143417,167789,3.260,4.800,15.648
18274,3,143554,168112,3.260,6.400,20.864
18314,3,143468,167898,3.260,6.400,20.864
18354,3,142972,166728,3.260,6.400,20.864
18394,3,142572,165796,3.260,4.800,15.648
18434,3,142581,165816,3.260,4.800,15.648
18474,3,142621,165924,3.220,4.600,14.812
18514,3,142695,166108,3.220,4.600,14.812
18554,3,142855,166507,3.220,4.600,14.812
18594,3,142920,166628,3.260,4.800,15.648
18634,3,142866,166494,3.260,4.800,15.648
18674,3,142950,166652,3.260,12.700,41.402
18714,3,143048,166893,3.260,12.700,41.402
18754,3,143123,167059,3.260,12.700,41.402
18794,3,143265,167364,3.264,4.800,15.667
18834,3,143398,167674,3.264,4.800,15.667
18874,3,143442,167770,3.260,5.000,16.300
18914,3,143164,167118,3.260,5.000,16.300
18954,3,142550,165683,3.260,5.000,16.300
18994,3,142172,164797,3.260,7.500,24.450
19034,3,142112,164673,3.260,7.500,24.450
19074,3,142183,164819,3.260,4.700,15.322
19114,3,142348,165244,3.260,4.700,15.322
19154,3,142572,165754,3.260,4.700,15.322
19194,3,142651,165931,3.264,4.700,15.341
19234,3,142637,165876,3.264,4.700,15.341
19274,3,142751,166131,3.264,5.000,16.320
19314,3,142897,166434,3.264,5.000,16.320
19354,3,143016,166706,3.264,5.000,16.320
19394,3,143084,166851,3.260,4.700,15.322
19434,3,143077,166874,3.260,4.700,15.322
19474,3,143163,167061,3.260,4.500,14.670
19514,3,143256,167291,3.260,4.500,14.670
19554,3,142928,166501,3.260,4.500,14.670
19594,3,142362,165181,3.260,4.700,15.322
19634,3,142198,164790,3.260,4.700,15.322
19674,3,142334,165106,3.260,4.400,14.344
19714,3,142502,165461,3.260,4.400,14.344
19754,3,142657,165845,3.260,4.400,14.344
19794,3,142761,166070,3.260,4.400,14.344
19834,3,142750,166053,3.260,4.400,14.344
19874,3,142779,166077,3.260,4.900,15.974
19914,3,142809,166143,3.260,4.900,15.974
19954,3,142804,166151,3.260,4.900,15.974
19994,3,142874,166342,3.260,4.500,14.670
20034,3,142942,166517,3.260,4.500,14.670
20074,3,143029,166702,3.260,4.700,15.322
20114,3,143126,166947,3.260,4.700,15.322
20154,3,143259,167239,3.260,4.700,15.322
20194,3,143183,166960,3.260,4.800,15.648
20234,3,142604,165566,3.260,4.800,15.648
20274,3,142068,164364,3.260,4.900,15.974
20314,3,141937,164065,3.260,4.900,15.974
20354,3,141964,164170,3.260,4.900,15.974
20394,3,142051,164346,3.260,4.600,14.996
20434,3,142034,164343,3.260,4.600,14.996
20474,3,142011,164251,3.260,4.600,14.996
20514,3,141957,164170,3.260,4.600,14.996
20554,3,141988,164220,3.260,4.600,14.996
20594,3,142061,164407,3.260,4.600,14.996
20634,3,142164,164625,3.260,4.600,14.996
20674,3,142209,164771,3.260,4.800,15.648
20714,3,142224,164789,3.260,4.800,15.648
20754,3,142342,165060,3.260,4.800,15.648
20794,3,142516,165435,3.260,4.700,15.322
20834,3,142611,165646,3.260,4.700,15.322
20874,3,142529,165401,3.260,4.700,15.322
20914,3,142029,164190,3.260,4.700,15.322
20954,3,141734,163456,3.260,4.700,15.322
20994,3,141780,163568,3.264,4.700,15.341
21034,3,141947,163950,3.264,4.700,15.341
21074,3,142101,164301,3.260,4.600,14.996
21114,3,142194,164512,3.260,4.600,14.996
21154,3,142377,164913,3.260,4.600,14.996
21194,3,142560,165294,3.260,4.700,15.322
21234,3,142685,165549,3.260,4.700,15.322
21275,3,142895,166019,3.260,4.900,15.974
21315,3,143154,166546,3.260,4.900,15.974
21355,3,143391,167096,3.260,4.900,15.974
21394,3,143516,167360,3.264,4.600,15.014
21434,3,143561,167487,3.264,4.600,15.014
21474,3,143746,167901,3.260,4.700,15.322
21514,3,143880,168213,3.260,4.700,15.322
21555,3,143554,167428,3.260,4.700,15.322
21595,3,143095,166302,3.260,4.900,15.974
21635,3,142874,165774,3.260,4.900,15.974
21674,3,142879,165842,3.264,4.700,15.341
21714,3,143392,167007,3.264,4.700,15.341
21754,3,143931,168204,3.264,4.700,15.341
21795,3,144123,168617,3.264,4.900,15.994
21835,3,144239,168870,3.264,4.900,15.994
21875,3,144385,169151,3.260,4.900,15.974
21914,3,144490,169358,3.260,4.900,15.974
21954,3,144568,169573,3.260,4.900,15.974
21995,3,144596,169668,3.260,4.800,15.648
22035,3,144527,169548,3.260,4.800,15.648
22075,3,144534,169663,3.260,4.700,15.322
22115,3,144691,170024,3.260,4.700,15.322
22155,3,144732,170126,3.260,4.700,15.322
22194,3,144308,169127,3.260,4.700,15.322
22235,3,143829,167972,3.260,4.700,15.322
22275,3,143624,167525,3.260,4.700,15.322
22315,3,143660,167685,3.260,4.700,15.322
22355,3,143993,168482,3.260,4.700,15.322
22395,3,144308,169215,3.260,4.700,15.322
22435,3,144447,169557,3.260,4.700,15.322
22475,3,144517,169713,3.260,4.900,15.974
22515,3,144590,169798,3.260,4.900,15.974
22555,3,144688,169999,3.260,4.900,15.974
22595,3,144769,170196,3.260,5.100,16.626
22635,3,144771,170228,3.260,5.100,16.626
22675,3,144815,170340,3.260,5.000,16.300
22715,3,144870,170518,3.260,5.000,16.300
22755,3,144855,170529,3.260,5.000,16.300
22795,3,144451,169590,3.260,4.800,15.648
22835,3,143714,167866,3.260,4.800,15.648
22875,3,143326,167013,3.260,5.000,16.300
22915,3,143356,167105,3.260,5.000,16.300
22955,3,143494,167447,3.260,5.000,16.300
22995,3,143652,167876,3.260,4.700,15.322
23035,3,143814,168242,3.260,4.700,15.322
23075,3,143781,168214,3.264,4.800,15.667
23115,3,143596,167794,3.264,4.800,15.667
23155,3,143357,167252,3.264,4.800,15.667
23195,3,143247,167034,3.264,4.800,15.667
23235,3,143255,167083,3.264,4.800,15.667
23275,3,143247,167070,3.260,4.600,14.996
23315,3,143117,166855,3.260,4.600,14.996
23355,3,143059,166753,3.260,4.600,14.996
23395,3,143153,167005,3.260,4.700,15.322
23435,3,142740,166014,3.260,4.700,15.322
23475,3,142025,164375,3.260,4.800,15.648
23515,3,141880,164058,3.260,4.800,15.648
23555,3,142033,164418,3.260,4.800,15.648
23595,3,142171,164726,3.260,5.000,16.300
23635,3,142314,165076,3.260,5.000,16.300
23675,3,142420,165295,3.260,4.800,15.648
23715,3,142400,165296,3.260,4.800,15.648
23755,3,142417,165324,3.260,4.800,15.648
23795,3,142503,165536,3.264,4.800,15.667
23835,3,142543,165582,3.264,4.800,15.667
23875,3,142649,165873,3.264,4.900,15.994
23915,3,142888,166414,3.264,4.900,15.994
23955,3,143096,166876,3.264,4.900,15.994
23995,3,143147,166965,3.260,4.800,15.648
24035,3,143179,167078,3.260,4.800,15.648
24075,3,142882,166346,3.264,4.800,15.667
24115,3,142282,164925,3.264,4.800,15.667
24155,3,141960,164205,3.264,4.800,15.667
24195,3,142013,164341,3.260,4.700,15.322
24235,3,142225,164838,3.260,4.700,15.322
24275,3,142400,165230,3.260,4.900,15.974
24315,3,142493,165455,3.260,4.900,15.974
24355,3,142381,165215,3.260,4.900,15.974
24395,3,142338,165098,3.260,4.700,15.322
24435,3,142302,165007,3.260,4.700,15.322
24475,3,142288,165009,3.264,4.700,15.341
24515,3,142282,165009,3.264,4.700,15.341
24555,3,142272,165036,3.264,4.700,15.341
24595,3,142175,164850,3.264,4.900,15.994
24635,3,142282,165127,3.264,4.900,15.994
24675,3,142379,165402,3.260,4.800,15.648
24715,3,142361,165366,3.260,4.800,15.648
24755,3,141971,164414,3.260,4.800,15.648
24795,3,141652,163670,3.260,4.600,14.996
24835,3,141638,163640,3.260,4.600,14.996
24875,3,141827,164048,3.264,4.800,15.667
24915,3,142148,164784,3.264,4.800,15.667
24955,3,142435,165445,3.264,4.800,15.667
24995,3,142656,165913,3.264,4.800,15.667
25035,3,142682,165939,3.264,4.800,15.667
25075,3,142686,165950,3.264,4.500,14.688
25115,3,142848,166266,3.264,4.500,14.688
25155,3,143009,166604,3.264,4.500,14.688
25195,3,143248,167138,3.260,4.800,15.648
25235,3,143526,167777,3.260,4.800,15.648
25276,3,143662,168032,3.264,4.800,15.667
25316,3,143698,168150,3.264,4.800,15.667
25356,3,143812,168433,3.264,4.800,15.667
25395,3,143575,167837,3.260,4.800,15.648
25435,3,142764,165907,3.260,4.800,15.648
25475,3,142248,164732,3.260,4.600,14.996
25515,3,142187,164602,3.260,4.600,14.996
25555,3,142213,164663,3.260,4.600,14.996
25596,3,142272,164869,3.260,4.800,15.648
25636,3,142319,164986,3.260,4.800,15.648
25675,3,142296,164978,3.264,4.700,15.341
25715,3,142292,164967,3.264,4.700,15.341
25755,3,142438,165294,3.264,4.700,15.341
25796,3,142611,165668,3.260,4.800,15.648
25836,3,142751,166003,3.260,4.800,15.648
25875,3,143001,166516,3.260,4.600,14.996
25915,3,143210,167027,3.260,4.600,14.996
25955,3,143361,167377,3.260,4.600,14.996
25996,3,143623,167983,3.260,5.000,16.300
26036,3,143721,168145,3.260,5.000,16.300
26076,3,143345,167241,3.260,4.700,15.322
26116,3,143037,166438,3.260,4.700,15.322
26156,3,143052,166455,3.260,4.700,15.322
26195,3,143330,167083,3.260,4.800,15.648
26235,3,143631,167823,3.260,4.800,15.648
26276,3,143927,168518,3.264,4.900,15.994
26316,3,144007,168735,3.264,4.900,15.994
26356,3,143918,168555,3.264,4.900,15.994
26396,3,143940,168593,3.264,4.700,15.341
26436,3,144158,169111,3.264,4.700,15.341
26476,3,144495,169879,3.260,4.700,15.322
26516,3,144728,170404,3.260,4.700,15.322
26556,3,144959,170938,3.260,4.700,15.322
26596,3,145220,171545,3.260,4.800,15.648
26636,3,145370,171891,3.260,4.800,15.648
26676,3,145066,171145,3.260,4.700,15.322
26716,3,144387,169509,3.260,4.700,15.322
26756,3,143960,168494,3.260,4.700,15.322
26796,3,143857,168244,3.260,4.600,14.996
26836,3,143934,168495,3.260,4.600,14.996
26876,3,144092,168899,3.264,4.900,15.994
26916,3,144190,169216,3.264,4.900,15.994
26956,3,144260,169391,3.264,4.900,15.994
26996,3,144232,169331,3.260,4.900,15.974
27036,3,144228,169322,3.260,4.900,15.974
27076,3,144315,169552,3.260,5.100,16.626
27116,3,144394,169741,3.260,5.100,16.626
27156,3,144410,169785,3.260,5.100,16.626
27196,3,144500,170061,3.264,4.600,15.014
27236,3,144670,170468,3.264,4.600,15.014
27276,3,144520,170086,3.264,4.700,15.341
27316,3,143837,168476,3.264,4.700,15.341
27356,3,143216,167017,3.264,4.700,15.341
27396,3,142923,166421,3.260,5.000,16.300
27436,3,142980,166622,3.260,5.000,16.300
27476,3,143105,166980,3.264,5.000,16.320
27516,3,143237,167294,3.264,5.000,16.320
27556,3,143178,167185,3.264,5.000,16.320
27596,3,142900,166547,3.260,4.500,14.670
27636,3,142595,165862,3.260,4.500,14.670
27676,3,142568,165859,3.260,4.800,15.648
27716,3,142776,166332,3.260,4.800,15.648
27756,3,142856,166561,3.260,4.800,15.648
27796,3,142908,166716,3.260,4.700,15.322
27836,3,143016,166998,3.260,4.700,15.322
27876,3,142972,166911,3.260,4.700,15.322
27916,3,142493,165776,3.260,4.700,15.322
27956,3,141972,164589,3.260,4.700,15.322
27996,3,141731,164052,3.260,4.800,15.648
28036,3,141588,163764,3.260,4.800,15.648
28076,3,141694,164045,3.264,4.700,15.341
28116,3,141892,164541,3.264,4.700,15.341
28156,3,141908,164586,3.264,4.700,15.341
28196,3,141826,164436,3.260,4.600,14.996
28236,3,141715,164161,3.260,4.600,14.996
28276,3,141673,164146,3.264,4.900,15.994
28316,3,141864,164566,3.264,4.900,15.994
28356,3,142175,165272,3.264,4.900,15.994
28396,3,142431,165849,3.260,4.900,15.974
28436,3,142719,166510,3.260,4.900,15.974
28476,3,142910,166932,3.260,4.700,15.322
28516,3,142584,166073,3.260,4.700,15.322
28556,3,141983,164675,3.260,4.700,15.322
28596,3,141724,164040,3.260,4.700,15.322
28636,3,141721,164055,3.260,4.700,15.322
28676,3,141888,164435,3.264,4.800,15.667
28716,3,142010,164752,3.264,4.800,15.667
28756,3,142159,165118,3.264,4.800,15.667
28796,3,142173,165130,3.264,4.600,15.014
28836,3,142096,164959,3.264,4.600,15.014
28876,3,142195,165164,3.260,4.700,15.322
28916,3,142470,165776,3.260,4.700,15.322
28956,3,142669,166208,3.260,4.700,15.322
28996,3,142724,166347,3.264,4.800,15.667
29036,3,142827,166580,3.264,4.800,15.667
29076,3,142957,166902,3.264,4.800,15.667
29116,3,143050,167086,3.264,4.800,15.667
29156,3,142833,166556,3.264,4.800,15.667
29196,3,142275,165241,3.260,4.700,15.322
29236,3,141983,164540,3.260,4.700,15.322
29276,3,142056,164712,3.260,4.700,15.322
29316,3,142190,165036,3.260,4.700,15.322
29356,3,142336,165411,3.260,4.700,15.322
29396,3,142524,165828,3.260,4.900,15.974
29436,3,142563,165899,3.260,4.900,15.974
29476,3,142510,165800,3.260,4.800,15.648
29516,3,142673,166140,3.260,4.800,15.648
29556,3,142896,166625,3.260,4.800,15.648
29596,3,143075,167039,3.260,4.800,15.648
29636,3,143254,167427,3.260,4.800,15.648
29676,3,143443,167834,3.260,4.800,15.648
29716,3,143603,168215,3.260,4.800,15.648
29756,3,143806,168695,3.260,4.800,15.648
29797,3,143876,168818,3.260,4.500,14.670
29837,3,143548,168006,3.260,4.500,14.670
29876,3,142944,166572,3.260,4.600,14.996
29916,3,142609,165765,3.260,4.600,14.996
29956,3,142573,165728,3.260,4.600,14.996
29996,3,142658,165976,3.260,4.700,15.322
30036,3,142920,166631,3.260,4.700,15.322
30077,3,143424,167798,3.260,4.700,15.322
30117,3,143797,168606,3.260,4.700,15.322
30157,3,143907,168819,3.260,4.700,15.322
30196,3,143978,168952,3.264,4.800,15.667
30236,3,144061,169132,3.264,4.800,15.667
30277,3,144166,169353,3.260,4.900,15.974
30317,3,144207,169486,3.260,4.900,15.974
30357,3,144192,169445,3.260,4.900,15.974
30397,3,144184,169503,3.260,4.700,15.322
30437,3,144185,169517,3.260,4.700,15.322
30477,3,143960,168995,3.260,4.600,14.996
30517,3,143512,167893,3.260,4.600,14.996
30557,3,143366,167518,3.260,4.600,14.996
30597,3,143550,167909,3.260,5.000,16.300
30637,3,143793,168471,3.260,5.000,16.300
30677,3,144083,169127,3.264,4.800,15.667
30717,3,144319,169711,3.264,4.800,15.667
30757,3,144335,169724,3.264,4.800,15.667
30797,3,144229,169461,3.260,4.800,15.648
30837,3,144151,169267,3.260,4.800,15.648
30877,3,144198,169390,3.260,4.800,15.648
30917,3,144245,169508,3.260,4.800,15.648
30957,3,144237,169544,3.260,4.800,15.648
30997,3,144275,169686,3.256,4.900,15.954
31037,3,144406,169993,3.256,4.900,15.954
31077,3,144234,169579,3.256,4.800,15.629
31117,3,143315,167433,3.256,4.800,15.629
31157,3,142156,164779,3.256,4.800,15.629
31197,3,141423,163232,3.260,4.900,15.974
31237,3,141370,163262,3.260,4.900,15.974
31277,3,141480,163575,3.260,4.700,15.322
31317,3,141624,163986,3.260,4.700,15.322
31357,3,141621,164024,3.260,4.700,15.322
31397,3,141655,164171,3.260,4.700,15.322
31437,3,141804,164530,3.260,4.700,15.322
31477,3,141871,164679,3.260,4.600,14.996
31517,3,142027,165035,3.260,4.600,14.996
31557,3,142171,165360,3.260,4.600,14.996
31597,3,142205,165447,3.260,4.700,15.322
31637,3,142080,165131,3.260,4.700,15.322
31677,3,141792,164473,3.264,4.600,15.014
31717,3,141168,163061,3.264,4.600,15.014
31757,3,140298,161090,3.264,4.600,15.014
31797,3,139962,160413,3.260,4.600,14.996
31837,3,139909,160305,3.260,4.600,14.996
31877,3,139697,159835,3.260,4.800,15.648
31917,3,139397,159163,3.260,4.800,15.648
31957,3,139176,158694,3.260,4.800,15.648
31997,3,138301,156656,3.260,4.800,15.648
32037,3,137508,155039,3.260,4.800,15.648
32077,3,137228,154514,3.260,4.800,15.648
32117,3,137167,154418,3.260,4.800,15.648
32157,3,137077,154202,3.260,4.800,15.648
32197,3,137092,154287,3.260,4.500,14.670
32237,3,137355,154924,3.260,4.500,14.670
32277,3,137533,155296,3.260,4.500,14.670
32317,3,137144,154423,3.260,4.500,14.670
32357,3,136445,152904,3.260,4.500,14.670
32397,3,136181,152370,3.260,4.300,14.018
32437,3,136084,152127,3.260,4.300,14.018
32477,3,136097,152112,3.260,4.500,14.670
32517,3,136146,152128,3.260,4.500,14.670
32557,3,136260,152324,3.260,4.500,14.670
32597,3,136428,152638,3.264,4.600,15.014
32637,3,136601,152939,3.264,4.600,15.014
32677,3,136780,153233,3.260,4.600,14.996
32717,3,136928,153505,3.260,4.600,14.996
32757,3,137073,153757,3.260,4.600,14.996
32797,3,137254,154136,3.260,4.500,14.670
32837,3,137440,154430,3.260,4.500,14.670
32877,3,137472,154378,3.264,4.700,15.341
32917,3,137170,153613,3.264,4.700,15.341
32957,3,136504,152065,3.264,4.700,15.341
32997,3,135404,149651,3.260,4.500,14.670
33037,3,134849,148410,3.260,4.500,14.670
33077,3,135114,148585,3.260,4.600,14.996
33117,3,135511,149212,3.260,4.600,14.996
33157,3,135521,149200,3.260,4.600,14.996
33197,3,135437,149053,3.260,4.600,14.996
33237,3,135195,148561,3.260,4.600,14.996
33277,3,135015,148149,3.264,4.700,15.341
33317,3,134840,147809,3.264,4.700,15.341
33357,3,134894,147930,3.264,4.700,15.341
33397,3,135076,148283,3.260,4.700,15.322
33437,3,135344,148813,3.260,4.700,15.322
33477,3,135990,150176,3.260,4.800,15.648
33517,3,136809,151876,3.260,4.800,15.648
33557,3,137184,152576,3.260,4.800,15.648
33597,3,137048,152223,3.260,4.800,15.648
33637,3,137051,152241,3.260,4.800,15.648
33677,3,137288,152809,3.260,4.900,15.974
33717,3,137760,153688,3.260,4.900,15.974
33757,3,137400,152801,3.260,4.900,15.974
33797,3,136298,150440,3.260,4.700,15.322
33837,3,135583,149050,3.260,4.700,15.322
33877,3,135467,148865,3.260,4.600,14.996
33917,3,135890,149736,3.260,4.600,14.996
33957,3,136034,149999,3.260,4.600,14.996
33997,3,135772,149420,3.260,4.700,15.322
34037,3,135653,149208,3.260,4.700,15.322
34078,3,135718,149417,3.260,4.600,14.996
34118,3,135861,149702,3.260,4.600,14.996
34158,3,136086,150181,3.260,4.600,14.996
34197,3,136278,150614,3.260,4.700,15.322
34237,3,136395,150824,3.260,4.700,15.322
34278,3,136360,150752,3.264,4.800,15.667
34318,3,136301,150667,3.264,4.800,15.667
34358,3,136024,150054,3.264,4.800,15.667
34398,3,135610,149228,3.260,4.700,15.322
34438,3,135772,149666,3.260,4.700,15.322
34477,3,136462,151101,3.264,4.800,15.667
34517,3,136801,151714,3.264,4.800,15.667
34557,3,137004,152120,3.264,4.800,15.667
34598,3,137313,152778,3.260,4.700,15.322
34638,3,137738,153684,3.260,4.700,15.322
34678,3,138318,154930,3.260,4.800,15.648
34718,3,139013,156410,3.260,4.800,15.648
34758,3,139464,157370,3.260,4.800,15.648
34798,3,139717,157915,3.260,4.800,15.648
34838,3,139940,158405,3.260,4.800,15.648
34878,3,140317,159251,3.256,4.800,15.629
34918,3,140568,159797,3.256,4.800,15.629
34958,3,140954,160704,3.256,4.800,15.629
34998,3,140980,160704,3.260,4.600,14.996
35038,3,140289,159107,3.260,4.600,14.996
35078,3,140166,158893,3.260,4.500,14.670
35118,3,140540,159758,3.260,4.500,14.670
35158,3,140865,160485,3.260,4.500,14.670
35198,3,141129,161067,3.260,4.700,15.322
35238,3,141685,162393,3.260,4.700,15.322
35278,3,142202,163588,3.256,4.600,14.978
35318,3,142319,163836,3.256,4.600,14.978
35358,3,142391,163980,3.256,4.600,14.978
35398,3,142606,164489,3.260,4.800,15.648
35438,3,142857,165056,3.260,4.800,15.648
35478,3,142999,165411,3.256,4.800,15.629
35518,3,143390,166330,3.256,4.800,15.629
35558,3,143838,167403,3.256,4.800,15.629
35598,3,144009,167771,3.260,5.000,16.300
35638,3,143527,166555,3.260,5.000,16.300
35678,3,142903,165101,3.260,4.700,15.322
35718,3,143017,165438,3.260,4.700,15.322
35758,3,143336,166193,3.260,4.700,15.322
35798,3,143578,166752,3.260,4.700,15.322
35838,3,143842,167397,3.260,4.700,15.322
35878,3,144040,167853,3.260,4.700,15.322
35918,3,143932,167561,3.260,4.700,15.322
35958,3,143803,167291,3.260,4.700,15.322
35998,3,143812,167334,3.260,4.700,15.322
36038,3,143878,167493,3.260,4.700,15.322
36078,3,144018,167839,3.256,4.900,15.954
36118,3,144197,168263,3.256,4.900,15.954
36158,3,144050,167894,3.256,4.900,15.954
36198,3,143729,167160,3.260,4.800,15.648
36238,3,143419,166441,3.260,4.800,15.648
36278,3,142697,164722,3.260,4.900,15.974
36318,3,142184,163606,3.260,4.900,15.974
36358,3,142213,163739,3.260,4.900,15.974
36398,3,142413,164224,3.260,4.800,15.648
36438,3,142349,164048,3.260,4.800,15.648
36478,3,142132,163559,3.260,4.600,14.996
36518,3,142029,163318,3.260,4.600,14.996
36558,3,141961,163208,3.260,4.600,14.996
36598,3,141981,163304,3.260,4.700,15.322
36638,3,142180,163775,3.260,4.700,15.322
36678,3,142480,164484,3.256,4.900,15.954
36718,3,142692,164957,3.256,4.900,15.954
36758,3,142687,164923,3.256,4.900,15.954
36798,3,142698,164971,3.260,4.700,15.322
36838,3,142907,165477,3.260,4.700,15.322
36878,3,142759,165051,3.260,4.800,15.648
36918,3,142006,163306,3.260,4.800,15.648
36958,3,141606,162427,3.260,4.800,15.648
36998,3,141741,162763,3.264,4.800,15.667
37038,3,141881,163099,3.264,4.800,15.667
37078,3,142061,163538,3.260,4.600,14.996
37118,3,142285,164003,3.260,4.600,14.996
37158,3,142294,164032,3.260,4.600,14.996
37198,3,142202,163828,3.260,4.900,15.974
37238,3,142255,163941,3.260,4.900,15.974
37278,3,142347,164171,3.256,4.800,15.629
37318,3,142395,164267,3.256,4.800,15.629
37358,3,142456,164440,3.256,4.800,15.629
37398,3,142593,164756,3.256,4.500,14.652
37438,3,142692,165034,3.256,4.500,14.652
37478,3,142886,165463,3.260,4.800,15.648
37518,3,142980,165703,3.260,4.800,15.648
37558,3,142515,164592,3.260,4.800,15.648
37599,3,141905,163173,3.260,4.800,15.648
37639,3,141776,162908,3.260,4.800,15.648
37678,3,142020,163472,3.260,4.800,15.648
37718,3,142381,164279,3.260,4.800,15.648
37758,3,142733,165068,3.260,4.800,15.648
37798,3,142915,165486,3.260,4.700,15.322
37838,3,142957,165551,3.260,4.700,15.322
37879,3,142913,165426,3.260,4.800,15.648
37919,3,142950,165539,3.260,4.800,15.648
37959,3,143055,165788,3.260,4.800,15.648
37998,3,143242,166196,3.256,4.800,15.629
38038,3,143449,166700,3.256,4.800,15.629
38079,3,143627,167062,3.260,4.800,15.648
38119,3,143688,167225,3.260,4.800,15.648
38159,3,143736,167331,3.260,4.800,15.648
38199,3,143574,166937,3.256,5.000,16.280
38239,3,142559,164452,3.256,5.000,16.280
38278,3,141254,161520,3.260,4.800,15.648
38318,3,140947,160888,3.260,4.800,15.648
38359,3,141078,161201,3.260,4.800,15.648
38399,3,141170,161381,3.260,4.800,15.648
38439,3,141222,161479,3.260,4.800,15.648
38479,3,141286,161652,3.260,4.800,15.648
38519,3,141349,161787,3.260,4.800,15.648
38559,3,141409,161897,3.260,4.800,15.648
38599,3,141505,162087,3.260,5.000,16.300
38639,3,141700,162522,3.260,5.000,16.300
38679,3,141855,162820,3.256,4.800,15.629
38719,3,141902,162947,3.256,4.800,15.629
38759,3,141965,163084,3.256,4.800,15.629
38799,3,142064,163347,3.256,4.900,15.954
38839,3,142069,163370,3.256,4.900,15.954
38879,3,141355,161675,3.256,4.800,15.629
38919,3,140346,159411,3.256,4.800,15.629
38959,3,139858,158406,3.256,4.800,15.629
38999,3,139765,158188,3.260,4.700,15.322
39039,3,139858,158422,3.260,4.700,15.322
39079,3,140053,158848,3.260,4.700,15.322
39119,3,140127,159040,3.260,4.700,15.322
39159,3,140013,158818,3.260,4.700,15.322
39199,3,139792,158357,3.260,4.600,14.996
39239,3,139453,157629,3.260,4.600,14.996
39279,3,139302,157318,3.260,4.600,14.996
39319,3,138870,156343,3.260,4.600,14.996
39359,3,138330,155219,3.260,4.600,14.996
39399,3,138570,155901,3.256,4.800,15.629
39439,3,139173,157184,3.256,4.800,15.629
39479,3,139155,157118,3.256,4.600,14.978
39519,3,138573,155822,3.256,4.600,14.978
39559,3,138140,154947,3.256,4.600,14.978
39599,3,138285,155287,3.260,4.800,15.648
39639,3,138459,155575,3.260,4.800,15.648
39679,3,138542,155758,3.256,4.800,15.629
39719,3,138712,156137,3.256,4.800,15.629
39759,3,138830,156364,3.256,4.800,15.629
39799,3,138838,156340,3.260,4.600,14.996
39839,3,138804,156242,3.260,4.600,14.996
39879,3,138902,156351,3.260,4.800,15.648
39919,3,139053,156616,3.260,4.800,15.648
39959,3,139165,156764,3.260,4.800,15.648
39999,3,139082,156494,3.260,4.900,15.974
40039,3,138913,156090,3.260,4.900,15.974
40079,3,139167,156698,3.256,4.900,15.954
40119,3,139429,157152,3.256,4.900,15.954
40159,3,138920,155999,3.256,4.900,15.954
40199,3,138455,155006,3.260,4.800,15.648
40239,3,138239,154566,3.260,4.800,15.648
40279,3,138146,154366,3.260,4.600,14.996
40319,3,138058,154158,3.260,4.600,14.996
40359,3,137888,153760,3.260,4.600,14.996
40399,3,137877,153807,3.260,4.900,15.974
40439,3,137882,153756,3.260,4.900,15.974
40479,3,137582,153094,3.260,4.900,15.974
40519,3,137561,153007,3.260,4.900,15.974
40559,3,137804,153493,3.260,4.900,15.974
40599,3,137868,153584,3.260,4.900,15.974
40639,3,137941,153742,3.260,4.900,15.974
40679,3,138165,154208,3.260,4.800,15.648
40719,3,138331,154503,3.260,4.800,15.648
40759,3,138222,154208,3.260,4.800,15.648
40799,3,137627,152955,3.260,4.900,15.974
40839,3,137300,152322,3.260,4.900,15.974
40879,3,137378,152441,3.260,4.900,15.974
40919,3,137411,152470,3.260,4.900,15.974
40959,3,137409,152451,3.260,4.900,15.974
40999,3,137414,152440,3.260,4.800,15.648
41039,3,137276,152147,3.260,4.800,15.648
41079,3,137093,151758,3.260,4.700,15.322
41119,3,137086,151745,3.260,4.700,15.322
41159,3,137345,152278,3.260,4.700,15.322
41199,3,137608,152796,3.260,4.800,15.648
41239,3,137704,152912,3.260,4.800,15.648
41279,3,137751,152992,3.260,4.800,15.648
41319,3,137863,153209,3.260,4.800,15.648
41359,3,137877,153213,3.260,4.800,15.648
41400,3,137788,152987,3.256,4.700,15.303
41440,3,137380,152121,3.256,4.700,15.303
41479,3,136889,151151,3.260,4.700,15.322
41519,3,136778,150924,3.260,4.700,15.322
41559,3,136758,150853,3.260,4.700,15.322
41599,3,136786,150884,3.256,5.000,16.280
41639,3,136805,150877,3.256,5.000,16.280
41680,3,136728,150749,3.260,4.600,14.996
41720,3,136785,150819,3.260,4.600,14.996
41760,3,136846,150923,3.260,4.600,14.996
41799,3,136999,151185,3.260,4.700,15.322
41839,3,137186,151539,3.260,4.700,15.322
41880,3,137405,151951,3.260,4.800,15.648
41920,3,137574,152292,3.260,4.800,15.648
41960,3,137781,152693,3.260,4.800,15.648
42000,3,137999,153106,3.260,4.700,15.322
42040,3,138173,153426,3.260,4.700,15.322
42080,3,138316,153689,3.260,4.600,14.996
42120,3,138135,153271,3.260,4.600,14.996
42160,3,137620,152158,3.260,4.600,14.996
42200,3,137490,151924,3.260,4.700,15.322
42240,3,137714,152339,3.260,4.700,15.322
42280,3,137958,152824,3.260,4.800,15.648
42320,3,138179,153251,3.260,4.800,15.648
42360,3,138450,153772,3.260,4.800,15.648
42400,3,138656,154174,3.260,4.600,14.996
42440,3,138804,154469,3.260,4.600,14.996
42480,3,139003,154881,3.260,5.000,16.300
42520,3,139331,155648,3.260,5.000,16.300
42560,3,139631,156236,3.260,5.000,16.300
42600,3,139776,156498,3.256,4.800,15.629
42640,3,139793,156498,3.256,4.800,15.629
42680,3,139894,156648,3.260,5.000,16.300
42720,3,139969,156773,3.260,5.000,16.300
42760,3,140085,157017,3.260,5.000,16.300
42800,3,140218,157264,3.256,4.800,15.629
42840,3,139934,156585,3.256,4.800,15.629
42880,3,139354,155318,3.256,4.600,14.978
42920,3,139185,154993,3.256,4.600,14.978
42960,3,139271,155146,3.256,4.600,14.978
43000,3,139269,155124,3.256,4.700,15.303
43040,3,139395,155378,3.256,4.700,15.303
43080,3,139647,155870,3.260,4.800,15.648
43120,3,139713,155980,3.260,4.800,15.648
43160,3,139754,156028,3.260,4.800,15.648
43200,3,139987,156545,3.260,5.000,16.300
43240,3,140266,157115,3.260,5.000,16.300
43280,3,140567,157777,3.260,4.600,14.996
43320,3,140955,158626,3.260,4.600,14.996
43360,3,141306,159371,3.260,4.600,14.996
43400,3,141439,159611,3.260,4.900,15.974
43440,3,141557,159865,3.260,4.900,15.974
43480,3,141667,160050,3.256,4.700,15.303
43520,3,141079,158703,3.256,4.700,15.303
43560,3,140168,156743,3.256,4.700,15.303
43600,3,139630,155575,3.260,4.700,15.322
43640,3,139385,155048,3.260,4.700,15.322
43680,3,139380,155026,3.260,5.000,16.300
43720,3,139557,155400,3.260,5.000,16.300
43760,3,139763,155839,3.260,5.000,16.300
43800,3,139924,156200,3.260,4.800,15.648
43840,3,140126,156619,3.260,4.800,15.648
43880,3,140214,156783,3.256,4.600,14.978
43920,3,140205,156752,3.256,4.600,14.978
43960,3,140247,156846,3.256,4.600,14.978
44000,3,140296,156936,3.260,4.700,15.322
44040,3,140366,157118,3.260,4.700,15.322
44080,3,140484,157358,3.256,4.800,15.629
44120,3,140548,157474,3.256,4.800,15.629
44160,3,140132,156494,3.256,4.800,15.629
44200,3,139495,155124,3.256,4.600,14.978
44240,3,139303,154739,3.256,4.600,14.978
44280,3,139433,155027,3.252,4.500,14.634
44320,3,139658,155460,3.252,4.500,14.634
44360,3,139872,155894,3.252,4.500,14.634
44400,3,140031,156232,3.256,4.800,15.629
44440,3,140074,156314,3.256,4.800,15.629
44480,3,140039,156233,3.252,5.000,16.260
44520,3,140016,156204,3.252,5.000,16.260
44560,3,140038,156257,3.252,5.000,16.260
44600,3,140047,156256,3.256,4.900,15.954
44640,3,140079,156336,3.256,4.900,15.954
44680,3,140170,156506,3.260,5.100,16.626
44720,3,140282,156770,3.260,5.100,16.626
44760,3,140180,156485,3.260,5.100,16.626
44800,3,139537,155110,3.256,4.900,15.954
44840,3,139220,154508,3.256,4.900,15.954
44880,3,139289,154661,3.260,4.900,15.974
44920,3,139392,154829,3.260,4.900,15.974
44960,3,139532,155114,3.260,4.900,15.974
45000,3,139731,155527,3.256,4.800,15.629
45040,3,139799,155639,3.256,4.800,15.629
45080,3,139853,155700,3.256,4.900,15.954
45120,3,139917,155856,3.256,4.900,15.954
45160,3,140015,156049,3.256,4.900,15.954
45201,3,140194,156420,3.260,5.000,16.300
45241,3,140366,156775,3.260,5.000,16.300
45280,3,140462,156970,3.256,4.900,15.954
45320,3,140502,157051,3.256,4.900,15.954
45360,3,140550,157173,3.256,4.900,15.954
45400,3,140186,156364,3.260,4.900,15.974
45440,3,139545,155016,3.260,4.900,15.974
45481,3,139351,154623,3.260,4.900,15.974
45521,3,139464,154893,3.260,4.900,15.974
45561,3,139782,155548,3.260,4.900,15.974
45600,3,140071,156128,3.252,4.300,13.984
45640,3,140346,156708,3.252,4.300,13.984
45681,3,140600,157234,3.252,4.800,15.610
45721,3,140860,157819,3.252,4.800,15.610
45761,3,141309,158821,3.252,4.800,15.610
45801,3,141760,159797,3.256,5.100,16.606
45841,3,141994,160287,3.256,5.100,16.606
45880,3,142326,161069,3.256,4.700,15.303
45921,3,142805,162155,3.256,4.700,15.303
45961,3,143335,163359,3.256,4.700,15.303
46001,3,143555,163829,3.256,5.100,16.606
46041,3,143216,163002,3.256,5.100,16.606
46081,3,142410,161161,3.252,5.100,16.585
46121,3,141895,160017,3.252,5.100,16.585
46161,3,141875,159999,3.252,5.100,16.585
46201,3,142162,160624,3.256,4.700,15.303
46241,3,142374,161070,3.256,4.700,15.303
46281,3,142514,161354,3.256,5.100,16.606
46321,3,142650,161692,3.256,5.100,16.606
46361,3,142682,161744,3.256,5.100,16.606
46401,3,142685,161744,3.260,5.000,16.300
46441,3,142751,161883,3.260,5.000,16.300
46481,3,142833,162120,3.240,5.400,17.496
46521,3,142883,162191,3.240,5.400,17.496
46561,3,142923,162275,3.240,5.400,17.496
46601,3,142898,162207,3.256,5.000,16.280
46641,3,142869,162140,3.256,5.000,16.280
46681,3,142836,162033,3.256,5.200,16.931
46721,3,142689,161735,3.256,5.200,16.931
46761,3,141988,160105,3.256,5.200,16.931
46801,3,141335,158701,3.212,5.100,16.381
46841,3,141295,158584,3.212,5.100,16.381
46881,3,141483,158974,3.252,5.000,16.260
46921,3,141755,159565,3.252,5.000,16.260
46961,3,142002,160097,3.252,5.000,16.260
47001,3,142192,160508,3.256,4.900,15.954
47041,3,142196,160533,3.256,4.900,15.954
47081,3,142170,160452,3.256,5.100,16.606
47121,3,142264,160657,3.256,5.100,16.606
47161,3,142406,160955,3.256,5.100,16.606
47201,3,142478,161134,3.252,4.700,15.284
47241,3,142532,161253,3.252,4.700,15.284
47281,3,142629,161486,3.252,5.000,16.260
47321,3,142645,161519,3.252,5.000,16.260
47361,3,142571,161342,3.252,5.000,16.260
47401,3,142559,161361,3.260,5.500,17.930
47441,3,142431,161043,3.260,5.500,17.930
47481,3,141774,159572,3.240,5.000,16.200
47521,3,141440,158889,3.240,5.000,16.200
47561,3,141607,159242,3.240,5.000,16.200
47601,3,141857,159797,3.256,5.300,17.257
47641,3,142198,160545,3.256,5.300,17.257
47681,3,142390,160942,3.252,5.200,16.910
47721,3,142360,160878,3.252,5.200,16.910
47761,3,142365,160904,3.252,5.200,16.910
47801,3,142345,160868,3.204,4.700,15.059
47841,3,142398,160976,3.204,4.700,15.059
47881,3,142520,161291,3.252,4.900,15.935
47921,3,142650,161575,3.252,4.900,15.935
47961,3,142742,161777,3.252,4.900,15.935
48001,3,142846,161993,3.256,5.000,16.280
48041,3,142979,162328,3.256,5.000,16.280
48081,3,143129,162654,3.176,5.100,16.198
48121,3,142762,161803,3.176,5.100,16.198
48161,3,141950,160015,3.176,5.100,16.198
48201,3,141700,159496,3.252,4.400,14.309
48241,3,141737,159582,3.252,4.400,14.309
48281,3,141799,159701,3.252,10.600,34.471
48321,3,141995,160175,3.252,10.600,34.471
48361,3,142104,160408,3.252,10.600,34.471
48401,3,141976,160130,3.144,5.100,16.034
48441,3,141817,159807,3.144,5.100,16.034
48482,3,141817,159855,3.236,5.200,16.827
48522,3,141896,160017,3.236,5.200,16.827
48562,3,142022,160305,3.236,5.200,16.827
48601,3,142092,160472,3.256,4.400,14.326
48641,3,142117,160520,3.256,4.400,14.326
48681,3,142245,160802,3.132,5.400,16.913
48721,3,142371,161120,3.132,5.400,16.913
48761,3,141999,160254,3.132,5.400,16.913
48802,3,141279,158695,3.204,4.700,15.059
48842,3,141155,158484,3.204,4.700,15.059
48881,3,141287,158773,3.252,17.900,58.211
48921,3,141337,158855,3.252,17.900,58.211
48961,3,141536,159306,3.252,17.900,58.211
49002,3,141810,159940,3.260,6.800,22.168
49042,3,141793,159888,3.260,6.800,22.168
49082,3,141671,159630,3.176,5.200,16.515
49122,3,141745,159831,3.176,5.200,16.515
49162,3,141781,159923,3.176,5.200,16.515
49202,3,141781,159930,3.248,4.300,13.966
49242,3,141813,160029,3.248,4.300,13.966
49282,3,141867,160145,3.176,9.900,31.442
49322,3,141996,160453,3.176,9.900,31.442
49362,3,142091,160643,3.176,9.900,31.442
49402,3,141536,159382,3.256,5.400,17.582
49442,3,140891,158029,3.256,5.400,17.582
49482,3,140798,157869,3.248,5.300,17.214
49522,3,140967,158245,3.248,5.300,17.214
49562,3,141140,158613,3.248,5.300,17.214
49602,3,141295,158931,3.256,4.800,15.629
49642,3,141368,159091,3.256,4.800,15.629
49682,3,141367,159062,3.132,5.700,17.852
49722,3,141382,159141,3.132,5.700,17.852
49762,3,141459,159318,3.132,5.700,17.852
49802,3,141611,159668,3.220,5.000,16.100
49842,3,141789,160093,3.220,5.000,16.100
49882,3,141999,160567,3.232,16.200,52.358
49922,3,142183,160951,3.232,16.200,52.358
49962,3,142296,161209,3.232,16.200,52.358
50002,3,142204,160995,3.256,5.800,18.885
50042,3,141493,159405,3.256,5.800,18.885
50082,3,140926,158207,3.192,11.200,35.750
50122,3,140869,158093,3.192,11.200,35.750
50162,3,140945,158285,3.192,11.200,35.750
50202,3,141126,158678,3.248,4.900,15.915
50242,3,141347,159167,3.248,4.900,15.915
50282,3,141441,159387,3.160,8.500,26.860
50322,3,141468,159440,3.160,8.500,26.860
50362,3,141525,159558,3.160,8.500,26.860
50402,3,141610,159756,3.160,5.100,16.116
50442,3,141735,160015,3.160,5.100,16.116
50482,3,141831,160217,3.248,18.800,61.062
50522,3,141894,160385,3.248,18.800,61.062
50562,3,141976,160575,3.248,18.800,61.062
50602,3,142117,160900,3.256,11.700,38.095
50642,3,142190,161047,3.256,11.700,38.095
50682,3,141705,159977,3.140,5.700,17.898
50722,3,141203,158905,3.140,5.700,17.898
50763,3,141329,159184,3.240,16.900,54.756
50802,3,141539,159630,3.240,16.900,54.756
50842,3,141775,160129,3.240,16.900,54.756
50882,3,141977,160519,3.220,14.400,46.368
50922,3,142048,160718,3.220,14.400,46.368
50962,3,142083,160796,3.220,14.400,46.368
51002,3,142092,160801,3.260,5.700,18.582
51042,3,142150,160932,3.260,5.700,18.582
51082,3,142263,161230,3.204,5.000,16.020
51122,3,142430,161555,3.204,5.000,16.020
51162,3,142537,161808,3.204,5.000,16.020
51202,3,142610,161971,3.252,4.900,15.935
51242,3,142722,162253,3.252,4.900,15.935
51282,3,142924,162666,3.252,6.400,20.813
51322,3,142945,162726,3.252,6.400,20.813
51362,3,142444,161538,3.252,6.400,20.813
51402,3,141733,160012,3.180,4.600,14.628
51442,3,141631,159786,3.180,4.600,14.628
51482,3,141714,159961,3.252,5.200,16.910
51522,3,141820,160194,3.252,5.200,16.910
51562,3,142035,160662,3.252,5.200,16.910
51602,3,142027,160615,3.256,5.100,16.606
51642,3,141790,160105,3.256,5.100,16.606
51682,3,141487,159440,3.156,5.300,16.727
51722,3,141297,159036,3.156,5.300,16.727
51762,3,141275,159012,3.156,5.300,16.727
51802,3,141484,159466,3.244,4.700,15.247
51842,3,141635,159798,3.244,4.700,15.247
51882,3,141673,159852,3.256,12.500,40.700
51922,3,141737,160012,3.256,12.500,40.700
51962,3,141873,160306,3.256,12.500,40.700
52002,3,141991,160587,3.136,5.200,16.307
52042,3,141847,160244,3.136,5.200,16.307
52082,3,141238,158906,3.228,5.000,16.140
52122,3,140923,158231,3.228,5.000,16.140
52163,3,140993,158389,3.228,5.000,16.140
52202,3,141189,158818,3.252,4.600,14.959
52242,3,141445,159344,3.252,4.600,14.959
52282,3,141627,159730,3.132,5.400,16.913
52322,3,141657,159803,3.132,5.400,16.913
52362,3,141611,159702,3.132,5.400,16.913
52403,3,141610,159717,3.204,4.700,15.059
52443,3,141783,160092,3.204,4.700,15.059
52482,3,141953,160499,3.252,17.600,57.235
52522,3,142144,160901,3.252,17.600,57.235
52562,3,142268,161160,3.252,17.600,57.235
52603,3,142301,161251,3.260,6.400,20.864
52643,3,142323,161281,3.260,6.400,20.864
52683,3,142289,161181,3.180,5.100,16.218
52723,3,141734,159952,3.180,5.100,16.218
52763,3,141212,158824,3.180,5.100,16.218
52802,3,140982,158347,3.248,4.500,14.616
52843,3,140852,158051,3.248,4.500,14.616
52883,3,140966,158337,3.256,8.500,27.676
52923,3,141140,158700,3.256,8.500,27.676
52963,3,141124,158664,3.256,8.500,27.676
53002,3,141004,158416,3.256,5.200,16.931
53042,3,140938,158307,3.256,5.200,16.931
53083,3,140990,158411,3.248,19.400,63.011
53123,3,141066,158592,3.248,19.400,63.011
53163,3,141131,158753,3.248,19.400,63.011
53203,3,141251,159025,3.256,5.000,16.280
53243,3,141380,159317,3.256,5.000,16.280
53283,3,141480,159525,3.148,5.100,16.055
53323,3,141228,158930,3.148,5.100,16.055
53363,3,140482,157340,3.148,5.100,16.055
53403,3,140083,156533,3.244,4.700,15.247
53443,3,140047,156461,3.244,4.700,15.247
53483,3,140082,156519,3.200,12.800,40.960
53523,3,140186,156759,3.200,12.800,40.960
53563,3,140336,157074,3.200,12.800,40.960
53603,3,140324,157063,3.136,5.500,17.248
53643,3,140283,157003,3.136,5.500,17.248
53683,3,140306,157036,3.228,16.000,51.648
53723,3,140403,157223,3.228,16.000,51.648
53763,3,140579,157628,3.228,16.000,51.648
53803,3,140736,157981,3.256,4.600,14.978
53843,3,140859,158241,3.256,4.600,14.978
53883,3,141003,158554,3.132,5.200,16.286
53923,3,141019,158609,3.132,5.200,16.286
53963,3,140484,157404,3.132,5.200,16.286
54003,3,139907,156216,3.208,5.000,16.040
54043,3,139827,156030,3.208,5.000,16.040
54083,3,139938,156301,3.236,17.400,56.306
54123,3,140095,156621,3.236,17.400,56.306
54163,3,140271,156997,3.236,17.400,56.306
54203,3,140368,157208,3.260,6.200,20.212
54243,3,140339,157185,3.260,6.200,20.212
54283,3,140374,157229,3.184,11.300,35.979
54323,3,140448,157396,3.184,11.300,35.979
54363,3,140602,157732,3.184,11.300,35.979
54403,3,140782,158149,3.252,4.700,15.284
54443,3,140941,158479,3.252,4.700,15.284
54483,3,141057,158744,3.160,8.500,26.860
54523,3,141178,159015,3.160,8.500,26.860
54563,3,141009,158637,3.160,8.500,26.860
54603,3,140279,157055,3.260,5.500,17.930
54643,3,139796,156041,3.260,5.500,17.930
54683,3,139750,155957,3.248,5.200,16.890
54723,3,139799,156062,3.248,5.200,16.890
54763,3,139897,156259,3.248,5.200,16.890
54803,3,139994,156467,3.256,5.000,16.280
54843,3,140026,156543,3.256,5.000,16.280
54883,3,140049,156642,3.256,5.100,16.606
54923,3,140111,156759,3.256,5.100,16.606
54963,3,140221,156969,3.256,5.100,16.606
55003,3,140383,157311,3.248,4.500,14.616
55043,3,140594,157795,3.248,4.500,14.616
55083,3,140989,158670,3.252,5.200,16.910
55123,3,141199,159115,3.252,5.200,16.910
55163,3,141243,159209,3.252,5.200,16.910
55203,3,141287,159279,3.256,5.100,16.606
55243,3,140790,158188,3.256,5.100,16.606
55283,3,140378,157342,3.228,5.200,16.786
55323,3,140425,157389,3.228,5.200,16.786
55363,3,140529,157597,3.228,5.200,16.786
55403,3,140642,157829,3.252,4.800,15.610
55443,3,140744,158022,3.252,4.800,15.610
55483,3,140750,158033,3.252,5.500,17.886
55523,3,140670,157883,3.252,5.500,17.886
55563,3,140633,157803,3.252,5.500,17.886
55603,3,140708,157955,3.204,4.900,15.700
55643,3,140829,158225,3.204,4.900,15.700
55683,3,140941,158461,3.252,5.100,16.585
55723,3,141015,158621,3.252,5.100,16.585
55763,3,141127,158860,3.252,5.100,16.585
55803,3,141248,159138,3.260,7.100,23.146
55843,3,141363,159382,3.260,7.100,23.146
55883,3,141145,158876,3.176,5.200,16.515
55923,3,140502,157455,3.176,5.200,16.515
55963,3,140188,156799,3.176,5.200,16.515
56003,3,140249,156942,3.252,4.800,15.610
56043,3,140405,157249,3.252,4.800,15.610
56083,3,140600,157646,3.252,10.100,32.845
56123,3,140702,157872,3.252,10.100,32.845
56163,3,140681,157816,3.252,10.100,32.845
56203,3,140578,157609,3.256,5.100,16.606
56243,3,140521,157482,3.256,5.100,16.606
56283,3,140579,157636,3.248,5.000,16.240
56323,3,140639,157775,3.248,5.000,16.240
56363,3,140706,157911,3.248,5.000,16.240
56403,3,140731,157973,3.256,4.900,15.954
56443,3,140772,158075,3.256,4.900,15.954
56484,3,140924,158415,3.132,5.400,16.913
56524,3,140969,158474,3.132,5.400,16.913
56564,3,140512,157449,3.132,5.400,16.913
56603,3,140049,156515,3.220,5.100,16.422
56643,3,140035,156471,3.220,5.100,16.422
56683,3,140163,156714,3.252,16.600,53.983
56723,3,140352,157166,3.252,16.600,53.983
56763,3,140611,157704,3.252,16.600,53.983
56804,3,140740,157990,3.260,5.300,17.278
56844,3,140724,157945,3.260,5.300,17.278
56883,3,140682,157881,3.188,5.100,16.259
56923,3,140736,157988,3.188,5.100,16.259
56963,3,140861,158257,3.188,5.100,16.259
57004,3,141015,158589,3.252,4.600,14.959
57044,3,141139,158855,3.252,4.600,14.959
57084,3,141337,159307,3.160,8.200,25.912
57124,3,141550,159789,3.160,8.200,25.912
57164,3,141326,159245,3.160,8.200,25.912
57203,3,140612,157689,3.260,5.900,19.234
57244,3,140149,156722,3.260,5.900,19.234
57284,3,140094,156624,3.252,19.200,62.438
57324,3,140169,156760,3.252,19.200,62.438
57364,3,140327,157116,3.252,19.200,62.438
57403,3,140511,157517,3.252,5.000,16.260
57443,3,140515,157526,3.252,5.000,16.260
57484,3,140414,157325,3.140,5.200,16.328
57524,3,140381,157255,3.140,5.200,16.328
57564,3,140434,157364,3.140,5.200,16.328
57604,3,140530,157572,3.236,4.800,15.533
57644,3,140649,157851,3.236,4.800,15.533
57684,3,140795,158130,3.212,13.700,44.004
57724,3,140914,158417,3.212,13.700,44.004
57764,3,140846,158277,3.212,13.700,44.004
57804,3,140284,157059,3.260,5.500,17.930
57844,3,139805,156052,3.260,5.500,17.930
57884,3,139648,155780,3.208,14.100,45.233
57924,3,139723,155890,3.208,14.100,45.233
57964,3,139842,156134,3.208,14.100,45.233
58004,3,139998,156493,3.248,4.500,14.616
58044,3,140076,156659,3.248,4.500,14.616
58084,3,140013,156510,3.148,6.200,19.518
58124,3,139923,156339,3.148,6.200,19.518
58164,3,139890,156279,3.148,6.200,19.518
58204,3,139953,156422,3.180,5.000,15.900
58244,3,139526,155389,3.180,5.000,15.900
58284,3,138622,153457,3.248,19.400,63.011
58324,3,138303,152845,3.248,19.400,63.011
58364,3,138496,153325,3.248,19.400,63.011
58404,3,138518,153373,3.256,9.400,30.606
58444,3,138392,153153,3.256,9.400,30.606
58484,3,138493,153375,3.156,8.000,25.248
58524,3,138704,153819,3.156,8.000,25.248
58564,3,138858,154137,3.156,8.000,25.248
58604,3,139017,154471,3.252,4.800,15.610
58644,3,139119,154701,3.252,4.800,15.610
58684,3,139097,154643,3.252,4.900,15.935
58724,3,139051,154580,3.252,4.900,15.935
58764,3,139233,154979,3.252,4.900,15.935
58804,3,139521,155594,3.256,5.500,17.908
58844,3,139781,156131,3.256,5.500,17.908
58884,3,139998,156619,3.228,4.900,15.817
58924,3,140097,156800,3.228,4.900,15.817
58964,3,140009,156591,3.228,4.900,15.817
59004,3,139481,155454,3.252,4.900,15.935
59044,3,138805,154058,3.252,4.900,15.935
59084,3,138573,153554,3.252,5.400,17.561
59124,3,138526,153488,3.252,5.400,17.561
59164,3,138567,153550,3.252,5.400,17.561
59204,3,138578,153573,3.204,4.800,15.379
59244,3,138500,153396,3.204,4.800,15.379
59284,3,138398,153197,3.252,4.800,15.610
59324,3,138345,153093,3.252,4.800,15.610
59364,3,138349,153113,3.252,4.800,15.610
59404,3,138426,153264,3.252,6.500,21.138
59444,3,138403,153183,3.252,6.500,21.138
59484,3,138232,152826,3.176,5.000,15.880
59524,3,138096,152534,3.176,5.000,15.880
59564,3,138138,152625,3.176,5.000,15.880
59604,3,138111,152556,3.248,4.400,14.291
59644,3,137743,151802,3.248,4.400,14.291
59684,3,137387,151073,3.252,9.600,31.219
59724,3,137399,151152,3.252,9.600,31.219
59764,3,137607,151568,3.252,9.600,31.219
59804,3,137847,152041,3.148,5.000,15.740
59844,3,137963,152235,3.148,5.000,15.740
59884,3,137832,151971,3.248,4.900,15.915
59924,3,137658,151622,3.248,4.900,15.915
59964,3,137674,151664,3.248,4.900,15.915
60004,3,137767,151830,3.252,4.600,14.959
60044,3,137861,152047,3.252,4.600,14.959
60084,3,137976,152266,3.132,5.300,16.600
60124,3,138003,152309,3.132,5.300,16.600
60164,3,138034,152378,3.132,5.300,16.600
60205,3,138095,152496,3.220,4.700,15.134
60245,3,138197,152692,3.220,4.700,15.134
60284,3,138035,152345,3.252,16.300,53.008
60324,3,137547,151353,3.252,16.300,53.008
60364,3,137438,151141,3.252,16.300,53.008
60404,3,137585,151440,3.256,5.900,19.210
60445,3,137731,151715,3.256,5.900,19.210
60485,3,137921,152089,3.192,5.000,15.960
60525,3,138047,152353,3.192,5.000,15.960
60565,3,138009,152273,3.192,5.000,15.960
60604,3,137964,152173,3.248,4.600,14.941
60644,3,137973,152174,3.248,4.600,14.941
60685,3,137969,152177,3.156,7.800,24.617
60725,3,137974,152184,3.156,7.800,24.617
60765,3,138055,152365,3.156,7.800,24.617
60805,3,138226,152735,3.260,5.200,16.952
60845,3,138455,153187,3.260,5.200,16.952
60885,3,138519,153320,3.252,19.300,62.764
60925,3,138484,153202,3.252,19.300,62.764
60965,3,138083,152370,3.252,19.300,62.764
61005,3,137703,151600,3.256,5.000,16.280
61045,3,137587,151387,3.256,5.000,16.280
61085,3,137671,151556,3.144,5.100,16.034
61125,3,137845,151906,3.144,5.100,16.034
61165,3,138027,152252,3.144,5.100,16.034
61205,3,138036,152268,3.236,4.500,14.562
61245,3,138119,152436,3.236,4.500,14.562
61285,3,138234,152690,3.216,14.300,45.989
61325,3,138505,153259,3.216,14.300,45.989